lot_id,code,status,entry_date,closed_at,realized_pnl_cents,entry_quantity,entry_cost_cents,sector_id,entry_regime,exit_reason,confirmed_cash_dividend_cents,member_lot_ids,holding_sessions,net_episode_return
291933a0049b102aa567cfaf5591736e2c6c5c7089ccf85424f51913b6663203,601702.SH,CLOSED,20250306,20250313,-109809,8300,16596844,801050.SI,,SEARCH_MAX_HOLDING,0,"[""291933a0049b102aa567cfaf5591736e2c6c5c7089ccf85424f51913b6663203""]",5,-0.006616257886137871
569933f7da3d8f028c49fd0e100ed97e017a41cc724e2f84a04020a4ba8377b6,601137.SH,CLOSED,20250306,20250313,-64730,7700,16583239,801050.SI,,SEARCH_MAX_HOLDING,0,"[""569933f7da3d8f028c49fd0e100ed97e017a41cc724e2f84a04020a4ba8377b6""]",5,-0.003903338786831692
9926348053b94bbb9bf11a001e70c3f30c1a675027361de50ce0ccfbb61d350f,002594.SZ,CLOSED,20250306,20250313,-377460,400,14426471,801880.SI,,SEARCH_MAX_HOLDING,0,"[""9926348053b94bbb9bf11a001e70c3f30c1a675027361de50ce0ccfbb61d350f""]",5,-0.026164402922932435
1aeaca38241d0e05d0aa0ec7b4f547c0f59b9f9325d87a4a935697d01e34f87e,600861.SH,CLOSED,20250313,20250318,1078816,7900,16429191,801210.SI,,SEARCH_TAKE_PROFIT,0,"[""1aeaca38241d0e05d0aa0ec7b4f547c0f59b9f9325d87a4a935697d01e34f87e""]",3,0.06566458445823656
141a272430d249bfc39b2ac90321b7423f2147b302c8aa683209966f84b518dc,605016.SH,CLOSED,20250314,20250319,673932,9000,16529122,801030.SI,,SEARCH_TAKE_PROFIT,0,"[""141a272430d249bfc39b2ac90321b7423f2147b302c8aa683209966f84b518dc""]",3,0.04077240158309679
2ef893a5a9d859037dbe8a63ab2e1bf5ed3d88bfbc3bbc0933129a51a48bd268,603867.SH,CLOSED,20250317,20250321,-689849,6000,16427091,801030.SI,,SEARCH_STOP_LOSS,0,"[""2ef893a5a9d859037dbe8a63ab2e1bf5ed3d88bfbc3bbc0933129a51a48bd268""]",4,-0.04199459295623309
7774f038b3cae90dd49be8071e0a1dc401a02a680713b241e262cb212ac261af,000338.SZ,CLOSED,20250318,20250325,-171599,10200,16722982,801880.SI,,SEARCH_MAX_HOLDING,0,"[""7774f038b3cae90dd49be8071e0a1dc401a02a680713b241e262cb212ac261af""]",5,-0.0102612679963418
f3da972a35caeb367159b58b94073f3ba762e24863bf374faf76bb31ae7a277a,001268.SZ,CLOSED,20250319,20250320,5040249,15400,33613217,801110.SI,,SEARCH_TAKE_PROFIT,0,"[""f3da972a35caeb367159b58b94073f3ba762e24863bf374faf76bb31ae7a277a""]",1,0.149948426537097
fd8570a6a17570143b35c93e6583832dc493b8113d6b713030652fa8aca02e55,600012.SH,CLOSED,20250320,20250327,562550,21500,34797784,801170.SI,,SEARCH_MAX_HOLDING,0,"[""fd8570a6a17570143b35c93e6583832dc493b8113d6b713030652fa8aca02e55""]",5,0.01616625932272009
0a425ca8f65bb318938e0d428c0c99e9f0c659f61facddc58ab930b1d11d119f,002398.SZ,CLOSED,20250327,20250401,-672835,34400,17652670,801710.SI,,SEARCH_STOP_LOSS,0,"[""0a425ca8f65bb318938e0d428c0c99e9f0c659f61facddc58ab930b1d11d119f""]",3,-0.038115197304430436
4f8618f99ee27320cdfcf7ad1bf1ccc7a3ea13ee90048ee3747123133c3a3850,002825.SZ,CLOSED,20250327,20250401,-665581,20200,17599654,801030.SI,,SEARCH_STOP_LOSS,0,"[""4f8618f99ee27320cdfcf7ad1bf1ccc7a3ea13ee90048ee3747123133c3a3850""]",3,-0.03781784573719461
6ada22cbc7df83205c0d1e07e51e66d83bead101dbcb861abb51954c94f0053a,603928.SH,CLOSED,20250327,20250328,1902126,16300,17609457,801030.SI,,SEARCH_TAKE_PROFIT,0,"[""6ada22cbc7df83205c0d1e07e51e66d83bead101dbcb861abb51954c94f0053a""]",1,0.10801730002236866
0c2bcb8d8fab030569b173d9de634787100a6c512c0c037457c306d45cbf932d,002791.SZ,CLOSED,20250507,20250514,-394361,7500,17562943,801710.SI,,SEARCH_MAX_HOLDING,0,"[""0c2bcb8d8fab030569b173d9de634787100a6c512c0c037457c306d45cbf932d""]",5,-0.022454152473193132
6b8f91eb6e368abe71e81758cbded086a5735f840161420a65bd17029f2b4ac8,601811.SH,CLOSED,20250509,20250515,-1178683,22800,35373763,801760.SI,,SEARCH_STOP_LOSS,0,"[""6b8f91eb6e368abe71e81758cbded086a5735f840161420a65bd17029f2b4ac8""]",4,-0.03332082594662038
7f6b7426dfc1c8e8c75650974f93207d3fcf62fbffec2e4a9d7696a6d1c4a865,603590.SH,CLOSED,20250512,20250513,-876518,11800,35186705,801150.SI,,SEARCH_STOP_LOSS,0,"[""7f6b7426dfc1c8e8c75650974f93207d3fcf62fbffec2e4a9d7696a6d1c4a865""]",1,-0.024910488208543538
dee3430c6b719dde8825e42d42847324627423fe05d43687a63caee0aa0dfdeb,000975.SZ,CLOSED,20250514,20250521,275700,17500,34870807,801050.SI,,SEARCH_MAX_HOLDING,0,"[""dee3430c6b719dde8825e42d42847324627423fe05d43687a63caee0aa0dfdeb""]",5,0.007906326916953772
48f7b2409ee1090f7ea438fab96d0b26d4ffb063195087f437b20ec266d85b17,002907.SZ,CLOSED,20250516,20250523,337236,12300,17126907,801150.SI,,SEARCH_MAX_HOLDING,0,"[""48f7b2409ee1090f7ea438fab96d0b26d4ffb063195087f437b20ec266d85b17""]",5,0.01969042045945599
f62741c505eb1b75b0a0568dc60351d9c0e631a8634cda93ee53591fa687d8ad,002675.SZ,CLOSED,20250516,20250520,-620515,11800,17150715,801150.SI,,SEARCH_STOP_LOSS,0,"[""f62741c505eb1b75b0a0568dc60351d9c0e631a8634cda93ee53591fa687d8ad""]",2,-0.03618012426887159
2be0fe798d000eac142bd00010dc2d5d2d5526e39e39f892304f9f60289ffed9,000301.SZ,CLOSED,20250520,20250523,-703174,18500,17173322,801960.SI,,SEARCH_STOP_LOSS,0,"[""2be0fe798d000eac142bd00010dc2d5d2d5526e39e39f892304f9f60289ffed9""]",3,-0.0409457180154195
0bb91bf31a6c9057688fe289fcf997d40be1c54fccbdd7ccb0241a6b64763a47,002027.SZ,CLOSED,20250521,20250528,239150,46300,34318935,801760.SI,,SEARCH_MAX_HOLDING,0,"[""0bb91bf31a6c9057688fe289fcf997d40be1c54fccbdd7ccb0241a6b64763a47""]",5,0.006968456334673556
