strategy_id,split,cost_scenario,start_date,end_date,initial_nav,final_nav,net_return,annualized_return,max_drawdown,sharpe,daily_turnover,total_turnover,average_gross_exposure,average_cash_ratio,filled_buy_count,closed_trade_count,traded_dates,closed_trade_win_rate,profit_factor,fees_total,modeled_slippage_total,rejected_candidate_count,unfilled_order_ratio,open_position_count,unresolved_asset_count,data_scope_status,comparison_status
A0_V2_F0,validation,base,20251210,20260318,1000000.0,1000000.0,0.0,0.0,-0.0,,0.0,0.0,0.0,1.0,0,0,0,,,0.0,0.0,31580,,0,0,UNIVERSE_HISTORY_LIMITED|HISTORICAL_DATA_REVISIONS_NOT_POINT_IN_TIME_VINTAGES|REUSED_HOLDOUT|HISTORICAL_RISK_WARNING_UNKNOWN|RAW_PRICE_LEDGER_CORPORATE_ACTIONS_INCOMPLETE,INSUFFICIENT_TRADING_EVIDENCE
A0_V2_F0,validation,stress,20251210,20260318,1000000.0,1000000.0,0.0,0.0,-0.0,,0.0,0.0,0.0,1.0,0,0,0,,,0.0,0.0,31580,,0,0,UNIVERSE_HISTORY_LIMITED|HISTORICAL_DATA_REVISIONS_NOT_POINT_IN_TIME_VINTAGES|REUSED_HOLDOUT|HISTORICAL_RISK_WARNING_UNKNOWN|RAW_PRICE_LEDGER_CORPORATE_ACTIONS_INCOMPLETE,INSUFFICIENT_TRADING_EVIDENCE
A0_V2_F0,test,base,20260319,20260928,1000000.0,1000000.0,0.0,0.0,-0.0,,0.0,0.0,0.0,1.0,0,0,0,,,0.0,0.0,40340,,0,0,UNIVERSE_HISTORY_LIMITED|HISTORICAL_DATA_REVISIONS_NOT_POINT_IN_TIME_VINTAGES|REUSED_HOLDOUT|HISTORICAL_RISK_WARNING_UNKNOWN|RAW_PRICE_LEDGER_CORPORATE_ACTIONS_INCOMPLETE,INSUFFICIENT_TRADING_EVIDENCE
A0_V2_F0,test,stress,20260319,20260928,1000000.0,1000000.0,0.0,0.0,-0.0,,0.0,0.0,0.0,1.0,0,0,0,,,0.0,0.0,40340,,0,0,UNIVERSE_HISTORY_LIMITED|HISTORICAL_DATA_REVISIONS_NOT_POINT_IN_TIME_VINTAGES|REUSED_HOLDOUT|HISTORICAL_RISK_WARNING_UNKNOWN|RAW_PRICE_LEDGER_CORPORATE_ACTIONS_INCOMPLETE,INSUFFICIENT_TRADING_EVIDENCE
B0_PRISM_A_SHARE_V1,validation,base,20251210,20260318,1000000.0,1000000.0,0.0,0.0,-0.0,,0.0,0.0,0.0,1.0,0,0,0,,,0.0,0.0,31580,,0,0,UNIVERSE_HISTORY_LIMITED|HISTORICAL_DATA_REVISIONS_NOT_POINT_IN_TIME_VINTAGES|REUSED_HOLDOUT|HISTORICAL_RISK_WARNING_UNKNOWN|RAW_PRICE_LEDGER_CORPORATE_ACTIONS_INCOMPLETE,INSUFFICIENT_TRADING_EVIDENCE
B0_PRISM_A_SHARE_V1,validation,stress,20251210,20260318,1000000.0,1000000.0,0.0,0.0,-0.0,,0.0,0.0,0.0,1.0,0,0,0,,,0.0,0.0,31580,,0,0,UNIVERSE_HISTORY_LIMITED|HISTORICAL_DATA_REVISIONS_NOT_POINT_IN_TIME_VINTAGES|REUSED_HOLDOUT|HISTORICAL_RISK_WARNING_UNKNOWN|RAW_PRICE_LEDGER_CORPORATE_ACTIONS_INCOMPLETE,INSUFFICIENT_TRADING_EVIDENCE
B0_PRISM_A_SHARE_V1,test,base,20260319,20260928,1000000.0,1000000.0,0.0,0.0,-0.0,,0.0,0.0,0.0,1.0,0,0,0,,,0.0,0.0,40340,,0,0,UNIVERSE_HISTORY_LIMITED|HISTORICAL_DATA_REVISIONS_NOT_POINT_IN_TIME_VINTAGES|REUSED_HOLDOUT|HISTORICAL_RISK_WARNING_UNKNOWN|RAW_PRICE_LEDGER_CORPORATE_ACTIONS_INCOMPLETE,INSUFFICIENT_TRADING_EVIDENCE
B0_PRISM_A_SHARE_V1,test,stress,20260319,20260928,1000000.0,1000000.0,0.0,0.0,-0.0,,0.0,0.0,0.0,1.0,0,0,0,,,0.0,0.0,40340,,0,0,UNIVERSE_HISTORY_LIMITED|HISTORICAL_DATA_REVISIONS_NOT_POINT_IN_TIME_VINTAGES|REUSED_HOLDOUT|HISTORICAL_RISK_WARNING_UNKNOWN|RAW_PRICE_LEDGER_CORPORATE_ACTIONS_INCOMPLETE,INSUFFICIENT_TRADING_EVIDENCE
C0_V2_EXPOSURE_CONTROL,validation,base,20251210,20260318,1000000.0,1000000.0,0.0,0.0,-0.0,,0.0,0.0,0.0,1.0,0,0,0,,,0.0,0.0,31580,,0,0,UNIVERSE_HISTORY_LIMITED|HISTORICAL_DATA_REVISIONS_NOT_POINT_IN_TIME_VINTAGES|REUSED_HOLDOUT|HISTORICAL_RISK_WARNING_UNKNOWN|RAW_PRICE_LEDGER_CORPORATE_ACTIONS_INCOMPLETE,INSUFFICIENT_TRADING_EVIDENCE
C0_V2_EXPOSURE_CONTROL,validation,stress,20251210,20260318,1000000.0,1000000.0,0.0,0.0,-0.0,,0.0,0.0,0.0,1.0,0,0,0,,,0.0,0.0,31580,,0,0,UNIVERSE_HISTORY_LIMITED|HISTORICAL_DATA_REVISIONS_NOT_POINT_IN_TIME_VINTAGES|REUSED_HOLDOUT|HISTORICAL_RISK_WARNING_UNKNOWN|RAW_PRICE_LEDGER_CORPORATE_ACTIONS_INCOMPLETE,INSUFFICIENT_TRADING_EVIDENCE
C0_V2_EXPOSURE_CONTROL,test,base,20260319,20260928,1000000.0,1000000.0,0.0,0.0,-0.0,,0.0,0.0,0.0,1.0,0,0,0,,,0.0,0.0,40340,,0,0,UNIVERSE_HISTORY_LIMITED|HISTORICAL_DATA_REVISIONS_NOT_POINT_IN_TIME_VINTAGES|REUSED_HOLDOUT|HISTORICAL_RISK_WARNING_UNKNOWN|RAW_PRICE_LEDGER_CORPORATE_ACTIONS_INCOMPLETE,INSUFFICIENT_TRADING_EVIDENCE
C0_V2_EXPOSURE_CONTROL,test,stress,20260319,20260928,1000000.0,1000000.0,0.0,0.0,-0.0,,0.0,0.0,0.0,1.0,0,0,0,,,0.0,0.0,40340,,0,0,UNIVERSE_HISTORY_LIMITED|HISTORICAL_DATA_REVISIONS_NOT_POINT_IN_TIME_VINTAGES|REUSED_HOLDOUT|HISTORICAL_RISK_WARNING_UNKNOWN|RAW_PRICE_LEDGER_CORPORATE_ACTIONS_INCOMPLETE,INSUFFICIENT_TRADING_EVIDENCE
