strategy_id,split,cost_scenario,exit_reason,closed_trade_count,net_closed_pnl_cny,status
A0_V2_F0,validation,base,NONE,0,0.0,NO_CLOSED_TRADES
A0_V2_F0,validation,stress,NONE,0,0.0,NO_CLOSED_TRADES
A0_V2_F0,test,base,NONE,0,0.0,NO_CLOSED_TRADES
A0_V2_F0,test,stress,NONE,0,0.0,NO_CLOSED_TRADES
B0_PRISM_A_SHARE_V1,validation,base,NONE,0,0.0,NO_CLOSED_TRADES
B0_PRISM_A_SHARE_V1,validation,stress,NONE,0,0.0,NO_CLOSED_TRADES
B0_PRISM_A_SHARE_V1,test,base,NONE,0,0.0,NO_CLOSED_TRADES
B0_PRISM_A_SHARE_V1,test,stress,NONE,0,0.0,NO_CLOSED_TRADES
C0_V2_EXPOSURE_CONTROL,validation,base,NONE,0,0.0,NO_CLOSED_TRADES
C0_V2_EXPOSURE_CONTROL,validation,stress,NONE,0,0.0,NO_CLOSED_TRADES
C0_V2_EXPOSURE_CONTROL,test,base,NONE,0,0.0,NO_CLOSED_TRADES
C0_V2_EXPOSURE_CONTROL,test,stress,NONE,0,0.0,NO_CLOSED_TRADES
