reason_scope,stage,count,strategy_id,split,cost_scenario,allowed_signal_dates
actual_events,closed,0,A0_V2_F0,test,base,126
actual_events,fill,0,A0_V2_F0,test,base,126
all_blockers,ADJUSTMENT_UNAVAILABLE,17432,A0_V2_F0,test,base,126
all_blockers,HISTORICAL_RISK_WARNING_UNKNOWN,673974,A0_V2_F0,test,base,126
all_blockers,INSTRUMENT_OR_HISTORY_UNKNOWN,19186,A0_V2_F0,test,base,126
all_blockers,MARKET_EXPOSURE_CAP_ZERO,11630,A0_V2_F0,test,base,126
all_blockers,MISSING_OR_INVALID_REAL_BAR,19660,A0_V2_F0,test,base,126
all_blockers,NET_EDGE_BELOW_MINIMUM,88343,A0_V2_F0,test,base,126
all_blockers,OVEREXTENDED_OR_UNKNOWN,51346,A0_V2_F0,test,base,126
all_blockers,PREDICTION_UNAVAILABLE,27252,A0_V2_F0,test,base,126
all_blockers,RETURN_ESTIMATE_UNAVAILABLE,27252,A0_V2_F0,test,base,126
all_blockers,SCORE_ENTRY_CONDITION_NOT_MET,612883,A0_V2_F0,test,base,126
all_blockers,SECTOR_HISTORY_UNAVAILABLE,6296,A0_V2_F0,test,base,126
all_blockers,SECURITY_RULE_UNKNOWN,16128,A0_V2_F0,test,base,126
all_blockers,SIZING_INPUT_UNAVAILABLE,26735,A0_V2_F0,test,base,126
all_blockers,SUSPENDED_OR_UNKNOWN_AT_SIGNAL,19681,A0_V2_F0,test,base,126
cumulative_gate,factors,646722,A0_V2_F0,test,base,126
cumulative_gate,net_edge,0,A0_V2_F0,test,base,126
cumulative_gate,not_extended,40340,A0_V2_F0,test,base,126
cumulative_gate,order,0,A0_V2_F0,test,base,126
cumulative_gate,quantity,0,A0_V2_F0,test,base,126
cumulative_gate,real_bar,654314,A0_V2_F0,test,base,126
cumulative_gate,return_estimate,40340,A0_V2_F0,test,base,126
cumulative_gate,roster,673974,A0_V2_F0,test,base,126
cumulative_gate,score65_55,61091,A0_V2_F0,test,base,126
cumulative_gate,state_cooldown,0,A0_V2_F0,test,base,126
cumulative_gate,trade_eligibility,0,A0_V2_F0,test,base,126
first_blocker,MISSING_OR_INVALID_REAL_BAR,19660,A0_V2_F0,test,base,126
first_blocker,NET_EDGE_BELOW_MINIMUM,40340,A0_V2_F0,test,base,126
first_blocker,OVEREXTENDED_OR_UNKNOWN,20751,A0_V2_F0,test,base,126
first_blocker,PREDICTION_UNAVAILABLE,7592,A0_V2_F0,test,base,126
first_blocker,SCORE_ENTRY_CONDITION_NOT_MET,585631,A0_V2_F0,test,base,126
actual_events,closed,0,A0_V2_F0,test,stress,126
actual_events,fill,0,A0_V2_F0,test,stress,126
all_blockers,ADJUSTMENT_UNAVAILABLE,17432,A0_V2_F0,test,stress,126
all_blockers,HISTORICAL_RISK_WARNING_UNKNOWN,673974,A0_V2_F0,test,stress,126
all_blockers,INSTRUMENT_OR_HISTORY_UNKNOWN,19186,A0_V2_F0,test,stress,126
all_blockers,MARKET_EXPOSURE_CAP_ZERO,11630,A0_V2_F0,test,stress,126
all_blockers,MISSING_OR_INVALID_REAL_BAR,19660,A0_V2_F0,test,stress,126
all_blockers,NET_EDGE_BELOW_MINIMUM,88343,A0_V2_F0,test,stress,126
all_blockers,OVEREXTENDED_OR_UNKNOWN,51346,A0_V2_F0,test,stress,126
all_blockers,PREDICTION_UNAVAILABLE,27252,A0_V2_F0,test,stress,126
all_blockers,RETURN_ESTIMATE_UNAVAILABLE,27252,A0_V2_F0,test,stress,126
all_blockers,SCORE_ENTRY_CONDITION_NOT_MET,612883,A0_V2_F0,test,stress,126
all_blockers,SECTOR_HISTORY_UNAVAILABLE,6296,A0_V2_F0,test,stress,126
all_blockers,SECURITY_RULE_UNKNOWN,16128,A0_V2_F0,test,stress,126
all_blockers,SIZING_INPUT_UNAVAILABLE,26735,A0_V2_F0,test,stress,126
all_blockers,SUSPENDED_OR_UNKNOWN_AT_SIGNAL,19681,A0_V2_F0,test,stress,126
cumulative_gate,factors,646722,A0_V2_F0,test,stress,126
cumulative_gate,net_edge,0,A0_V2_F0,test,stress,126
cumulative_gate,not_extended,40340,A0_V2_F0,test,stress,126
cumulative_gate,order,0,A0_V2_F0,test,stress,126
cumulative_gate,quantity,0,A0_V2_F0,test,stress,126
cumulative_gate,real_bar,654314,A0_V2_F0,test,stress,126
cumulative_gate,return_estimate,40340,A0_V2_F0,test,stress,126
cumulative_gate,roster,673974,A0_V2_F0,test,stress,126
cumulative_gate,score65_55,61091,A0_V2_F0,test,stress,126
cumulative_gate,state_cooldown,0,A0_V2_F0,test,stress,126
cumulative_gate,trade_eligibility,0,A0_V2_F0,test,stress,126
first_blocker,MISSING_OR_INVALID_REAL_BAR,19660,A0_V2_F0,test,stress,126
first_blocker,NET_EDGE_BELOW_MINIMUM,40340,A0_V2_F0,test,stress,126
first_blocker,OVEREXTENDED_OR_UNKNOWN,20751,A0_V2_F0,test,stress,126
first_blocker,PREDICTION_UNAVAILABLE,7592,A0_V2_F0,test,stress,126
first_blocker,SCORE_ENTRY_CONDITION_NOT_MET,585631,A0_V2_F0,test,stress,126
actual_events,closed,0,A0_V2_F0,validation,base,57
actual_events,fill,0,A0_V2_F0,validation,base,57
all_blockers,ADJUSTMENT_UNAVAILABLE,9308,A0_V2_F0,validation,base,57
all_blockers,HISTORICAL_RISK_WARNING_UNKNOWN,304893,A0_V2_F0,validation,base,57
all_blockers,INSTRUMENT_OR_HISTORY_UNKNOWN,10513,A0_V2_F0,validation,base,57
all_blockers,MARKET_EXPOSURE_CAP_ZERO,1981,A0_V2_F0,validation,base,57
all_blockers,MISSING_OR_INVALID_REAL_BAR,10113,A0_V2_F0,validation,base,57
all_blockers,NET_EDGE_BELOW_MINIMUM,59470,A0_V2_F0,validation,base,57
all_blockers,OVEREXTENDED_OR_UNKNOWN,29742,A0_V2_F0,validation,base,57
all_blockers,PREDICTION_UNAVAILABLE,13040,A0_V2_F0,validation,base,57
all_blockers,RETURN_ESTIMATE_UNAVAILABLE,13040,A0_V2_F0,validation,base,57
all_blockers,SCORE_ENTRY_CONDITION_NOT_MET,258463,A0_V2_F0,validation,base,57
all_blockers,SECTOR_HISTORY_UNAVAILABLE,4989,A0_V2_F0,validation,base,57
all_blockers,SECURITY_RULE_UNKNOWN,7296,A0_V2_F0,validation,base,57
all_blockers,SIZING_INPUT_UNAVAILABLE,12901,A0_V2_F0,validation,base,57
all_blockers,SUSPENDED_OR_UNKNOWN_AT_SIGNAL,10120,A0_V2_F0,validation,base,57
cumulative_gate,factors,291853,A0_V2_F0,validation,base,57
cumulative_gate,net_edge,0,A0_V2_F0,validation,base,57
cumulative_gate,not_extended,31580,A0_V2_F0,validation,base,57
cumulative_gate,order,0,A0_V2_F0,validation,base,57
cumulative_gate,quantity,0,A0_V2_F0,validation,base,57
cumulative_gate,real_bar,294780,A0_V2_F0,validation,base,57
cumulative_gate,return_estimate,31580,A0_V2_F0,validation,base,57
cumulative_gate,roster,304893,A0_V2_F0,validation,base,57
cumulative_gate,score65_55,46430,A0_V2_F0,validation,base,57
cumulative_gate,state_cooldown,0,A0_V2_F0,validation,base,57
cumulative_gate,trade_eligibility,0,A0_V2_F0,validation,base,57
first_blocker,MISSING_OR_INVALID_REAL_BAR,10113,A0_V2_F0,validation,base,57
first_blocker,NET_EDGE_BELOW_MINIMUM,31580,A0_V2_F0,validation,base,57
first_blocker,OVEREXTENDED_OR_UNKNOWN,14850,A0_V2_F0,validation,base,57
first_blocker,PREDICTION_UNAVAILABLE,2927,A0_V2_F0,validation,base,57
first_blocker,SCORE_ENTRY_CONDITION_NOT_MET,245423,A0_V2_F0,validation,base,57
actual_events,closed,0,A0_V2_F0,validation,stress,57
actual_events,fill,0,A0_V2_F0,validation,stress,57
all_blockers,ADJUSTMENT_UNAVAILABLE,9308,A0_V2_F0,validation,stress,57
all_blockers,HISTORICAL_RISK_WARNING_UNKNOWN,304893,A0_V2_F0,validation,stress,57
all_blockers,INSTRUMENT_OR_HISTORY_UNKNOWN,10513,A0_V2_F0,validation,stress,57
all_blockers,MARKET_EXPOSURE_CAP_ZERO,1981,A0_V2_F0,validation,stress,57
all_blockers,MISSING_OR_INVALID_REAL_BAR,10113,A0_V2_F0,validation,stress,57
all_blockers,NET_EDGE_BELOW_MINIMUM,59470,A0_V2_F0,validation,stress,57
all_blockers,OVEREXTENDED_OR_UNKNOWN,29742,A0_V2_F0,validation,stress,57
all_blockers,PREDICTION_UNAVAILABLE,13040,A0_V2_F0,validation,stress,57
all_blockers,RETURN_ESTIMATE_UNAVAILABLE,13040,A0_V2_F0,validation,stress,57
all_blockers,SCORE_ENTRY_CONDITION_NOT_MET,258463,A0_V2_F0,validation,stress,57
all_blockers,SECTOR_HISTORY_UNAVAILABLE,4989,A0_V2_F0,validation,stress,57
all_blockers,SECURITY_RULE_UNKNOWN,7296,A0_V2_F0,validation,stress,57
all_blockers,SIZING_INPUT_UNAVAILABLE,12901,A0_V2_F0,validation,stress,57
all_blockers,SUSPENDED_OR_UNKNOWN_AT_SIGNAL,10120,A0_V2_F0,validation,stress,57
cumulative_gate,factors,291853,A0_V2_F0,validation,stress,57
cumulative_gate,net_edge,0,A0_V2_F0,validation,stress,57
cumulative_gate,not_extended,31580,A0_V2_F0,validation,stress,57
cumulative_gate,order,0,A0_V2_F0,validation,stress,57
cumulative_gate,quantity,0,A0_V2_F0,validation,stress,57
cumulative_gate,real_bar,294780,A0_V2_F0,validation,stress,57
cumulative_gate,return_estimate,31580,A0_V2_F0,validation,stress,57
cumulative_gate,roster,304893,A0_V2_F0,validation,stress,57
cumulative_gate,score65_55,46430,A0_V2_F0,validation,stress,57
cumulative_gate,state_cooldown,0,A0_V2_F0,validation,stress,57
cumulative_gate,trade_eligibility,0,A0_V2_F0,validation,stress,57
first_blocker,MISSING_OR_INVALID_REAL_BAR,10113,A0_V2_F0,validation,stress,57
first_blocker,NET_EDGE_BELOW_MINIMUM,31580,A0_V2_F0,validation,stress,57
first_blocker,OVEREXTENDED_OR_UNKNOWN,14850,A0_V2_F0,validation,stress,57
first_blocker,PREDICTION_UNAVAILABLE,2927,A0_V2_F0,validation,stress,57
first_blocker,SCORE_ENTRY_CONDITION_NOT_MET,245423,A0_V2_F0,validation,stress,57
actual_events,closed,0,B0_PRISM_A_SHARE_V1,test,base,126
actual_events,fill,0,B0_PRISM_A_SHARE_V1,test,base,126
all_blockers,ADJUSTMENT_UNAVAILABLE,17432,B0_PRISM_A_SHARE_V1,test,base,126
all_blockers,HISTORICAL_RISK_WARNING_UNKNOWN,673974,B0_PRISM_A_SHARE_V1,test,base,126
all_blockers,INSTRUMENT_OR_HISTORY_UNKNOWN,19186,B0_PRISM_A_SHARE_V1,test,base,126
all_blockers,MARKET_EXPOSURE_CAP_ZERO,11630,B0_PRISM_A_SHARE_V1,test,base,126
all_blockers,MARKET_STATE_BLOCKS_NEW_RISK,320940,B0_PRISM_A_SHARE_V1,test,base,126
all_blockers,MISSING_OR_INVALID_REAL_BAR,19660,B0_PRISM_A_SHARE_V1,test,base,126
all_blockers,NET_EDGE_BELOW_MINIMUM,88343,B0_PRISM_A_SHARE_V1,test,base,126
all_blockers,OVEREXTENDED_OR_UNKNOWN,51346,B0_PRISM_A_SHARE_V1,test,base,126
all_blockers,PREDICTION_UNAVAILABLE,27252,B0_PRISM_A_SHARE_V1,test,base,126
all_blockers,RETURN_ESTIMATE_UNAVAILABLE,27252,B0_PRISM_A_SHARE_V1,test,base,126
all_blockers,SCORE_ENTRY_CONDITION_NOT_MET,612883,B0_PRISM_A_SHARE_V1,test,base,126
all_blockers,SECTOR_HISTORY_UNAVAILABLE,6296,B0_PRISM_A_SHARE_V1,test,base,126
all_blockers,SECURITY_RULE_UNKNOWN,16128,B0_PRISM_A_SHARE_V1,test,base,126
all_blockers,SIZING_INPUT_UNAVAILABLE,26735,B0_PRISM_A_SHARE_V1,test,base,126
all_blockers,SUSPENDED_OR_UNKNOWN_AT_SIGNAL,19681,B0_PRISM_A_SHARE_V1,test,base,126
cumulative_gate,factors,646722,B0_PRISM_A_SHARE_V1,test,base,126
cumulative_gate,net_edge,0,B0_PRISM_A_SHARE_V1,test,base,126
cumulative_gate,not_extended,40340,B0_PRISM_A_SHARE_V1,test,base,126
cumulative_gate,order,0,B0_PRISM_A_SHARE_V1,test,base,126
cumulative_gate,quantity,0,B0_PRISM_A_SHARE_V1,test,base,126
cumulative_gate,real_bar,654314,B0_PRISM_A_SHARE_V1,test,base,126
cumulative_gate,return_estimate,40340,B0_PRISM_A_SHARE_V1,test,base,126
cumulative_gate,roster,673974,B0_PRISM_A_SHARE_V1,test,base,126
cumulative_gate,score65_55,61091,B0_PRISM_A_SHARE_V1,test,base,126
cumulative_gate,state_cooldown,0,B0_PRISM_A_SHARE_V1,test,base,126
cumulative_gate,trade_eligibility,0,B0_PRISM_A_SHARE_V1,test,base,126
first_blocker,MISSING_OR_INVALID_REAL_BAR,19660,B0_PRISM_A_SHARE_V1,test,base,126
first_blocker,NET_EDGE_BELOW_MINIMUM,40340,B0_PRISM_A_SHARE_V1,test,base,126
first_blocker,OVEREXTENDED_OR_UNKNOWN,20751,B0_PRISM_A_SHARE_V1,test,base,126
first_blocker,PREDICTION_UNAVAILABLE,7592,B0_PRISM_A_SHARE_V1,test,base,126
first_blocker,SCORE_ENTRY_CONDITION_NOT_MET,585631,B0_PRISM_A_SHARE_V1,test,base,126
actual_events,closed,0,B0_PRISM_A_SHARE_V1,test,stress,126
actual_events,fill,0,B0_PRISM_A_SHARE_V1,test,stress,126
all_blockers,ADJUSTMENT_UNAVAILABLE,17432,B0_PRISM_A_SHARE_V1,test,stress,126
all_blockers,HISTORICAL_RISK_WARNING_UNKNOWN,673974,B0_PRISM_A_SHARE_V1,test,stress,126
all_blockers,INSTRUMENT_OR_HISTORY_UNKNOWN,19186,B0_PRISM_A_SHARE_V1,test,stress,126
all_blockers,MARKET_EXPOSURE_CAP_ZERO,11630,B0_PRISM_A_SHARE_V1,test,stress,126
all_blockers,MARKET_STATE_BLOCKS_NEW_RISK,320940,B0_PRISM_A_SHARE_V1,test,stress,126
all_blockers,MISSING_OR_INVALID_REAL_BAR,19660,B0_PRISM_A_SHARE_V1,test,stress,126
all_blockers,NET_EDGE_BELOW_MINIMUM,88343,B0_PRISM_A_SHARE_V1,test,stress,126
all_blockers,OVEREXTENDED_OR_UNKNOWN,51346,B0_PRISM_A_SHARE_V1,test,stress,126
all_blockers,PREDICTION_UNAVAILABLE,27252,B0_PRISM_A_SHARE_V1,test,stress,126
all_blockers,RETURN_ESTIMATE_UNAVAILABLE,27252,B0_PRISM_A_SHARE_V1,test,stress,126
all_blockers,SCORE_ENTRY_CONDITION_NOT_MET,612883,B0_PRISM_A_SHARE_V1,test,stress,126
all_blockers,SECTOR_HISTORY_UNAVAILABLE,6296,B0_PRISM_A_SHARE_V1,test,stress,126
all_blockers,SECURITY_RULE_UNKNOWN,16128,B0_PRISM_A_SHARE_V1,test,stress,126
all_blockers,SIZING_INPUT_UNAVAILABLE,26735,B0_PRISM_A_SHARE_V1,test,stress,126
all_blockers,SUSPENDED_OR_UNKNOWN_AT_SIGNAL,19681,B0_PRISM_A_SHARE_V1,test,stress,126
cumulative_gate,factors,646722,B0_PRISM_A_SHARE_V1,test,stress,126
cumulative_gate,net_edge,0,B0_PRISM_A_SHARE_V1,test,stress,126
cumulative_gate,not_extended,40340,B0_PRISM_A_SHARE_V1,test,stress,126
cumulative_gate,order,0,B0_PRISM_A_SHARE_V1,test,stress,126
cumulative_gate,quantity,0,B0_PRISM_A_SHARE_V1,test,stress,126
cumulative_gate,real_bar,654314,B0_PRISM_A_SHARE_V1,test,stress,126
cumulative_gate,return_estimate,40340,B0_PRISM_A_SHARE_V1,test,stress,126
cumulative_gate,roster,673974,B0_PRISM_A_SHARE_V1,test,stress,126
cumulative_gate,score65_55,61091,B0_PRISM_A_SHARE_V1,test,stress,126
cumulative_gate,state_cooldown,0,B0_PRISM_A_SHARE_V1,test,stress,126
cumulative_gate,trade_eligibility,0,B0_PRISM_A_SHARE_V1,test,stress,126
first_blocker,MISSING_OR_INVALID_REAL_BAR,19660,B0_PRISM_A_SHARE_V1,test,stress,126
first_blocker,NET_EDGE_BELOW_MINIMUM,40340,B0_PRISM_A_SHARE_V1,test,stress,126
first_blocker,OVEREXTENDED_OR_UNKNOWN,20751,B0_PRISM_A_SHARE_V1,test,stress,126
first_blocker,PREDICTION_UNAVAILABLE,7592,B0_PRISM_A_SHARE_V1,test,stress,126
first_blocker,SCORE_ENTRY_CONDITION_NOT_MET,585631,B0_PRISM_A_SHARE_V1,test,stress,126
actual_events,closed,0,B0_PRISM_A_SHARE_V1,validation,base,57
actual_events,fill,0,B0_PRISM_A_SHARE_V1,validation,base,57
all_blockers,ADJUSTMENT_UNAVAILABLE,9308,B0_PRISM_A_SHARE_V1,validation,base,57
all_blockers,HISTORICAL_RISK_WARNING_UNKNOWN,304893,B0_PRISM_A_SHARE_V1,validation,base,57
all_blockers,INSTRUMENT_OR_HISTORY_UNKNOWN,10513,B0_PRISM_A_SHARE_V1,validation,base,57
all_blockers,MARKET_EXPOSURE_CAP_ZERO,1981,B0_PRISM_A_SHARE_V1,validation,base,57
all_blockers,MARKET_STATE_BLOCKS_NEW_RISK,53490,B0_PRISM_A_SHARE_V1,validation,base,57
all_blockers,MISSING_OR_INVALID_REAL_BAR,10113,B0_PRISM_A_SHARE_V1,validation,base,57
all_blockers,NET_EDGE_BELOW_MINIMUM,59470,B0_PRISM_A_SHARE_V1,validation,base,57
all_blockers,OVEREXTENDED_OR_UNKNOWN,29742,B0_PRISM_A_SHARE_V1,validation,base,57
all_blockers,PREDICTION_UNAVAILABLE,13040,B0_PRISM_A_SHARE_V1,validation,base,57
all_blockers,RETURN_ESTIMATE_UNAVAILABLE,13040,B0_PRISM_A_SHARE_V1,validation,base,57
all_blockers,SCORE_ENTRY_CONDITION_NOT_MET,258463,B0_PRISM_A_SHARE_V1,validation,base,57
all_blockers,SECTOR_HISTORY_UNAVAILABLE,4989,B0_PRISM_A_SHARE_V1,validation,base,57
all_blockers,SECURITY_RULE_UNKNOWN,7296,B0_PRISM_A_SHARE_V1,validation,base,57
all_blockers,SIZING_INPUT_UNAVAILABLE,12901,B0_PRISM_A_SHARE_V1,validation,base,57
all_blockers,SUSPENDED_OR_UNKNOWN_AT_SIGNAL,10120,B0_PRISM_A_SHARE_V1,validation,base,57
cumulative_gate,factors,291853,B0_PRISM_A_SHARE_V1,validation,base,57
cumulative_gate,net_edge,0,B0_PRISM_A_SHARE_V1,validation,base,57
cumulative_gate,not_extended,31580,B0_PRISM_A_SHARE_V1,validation,base,57
cumulative_gate,order,0,B0_PRISM_A_SHARE_V1,validation,base,57
cumulative_gate,quantity,0,B0_PRISM_A_SHARE_V1,validation,base,57
cumulative_gate,real_bar,294780,B0_PRISM_A_SHARE_V1,validation,base,57
cumulative_gate,return_estimate,31580,B0_PRISM_A_SHARE_V1,validation,base,57
cumulative_gate,roster,304893,B0_PRISM_A_SHARE_V1,validation,base,57
cumulative_gate,score65_55,46430,B0_PRISM_A_SHARE_V1,validation,base,57
cumulative_gate,state_cooldown,0,B0_PRISM_A_SHARE_V1,validation,base,57
cumulative_gate,trade_eligibility,0,B0_PRISM_A_SHARE_V1,validation,base,57
first_blocker,MISSING_OR_INVALID_REAL_BAR,10113,B0_PRISM_A_SHARE_V1,validation,base,57
first_blocker,NET_EDGE_BELOW_MINIMUM,31580,B0_PRISM_A_SHARE_V1,validation,base,57
first_blocker,OVEREXTENDED_OR_UNKNOWN,14850,B0_PRISM_A_SHARE_V1,validation,base,57
first_blocker,PREDICTION_UNAVAILABLE,2927,B0_PRISM_A_SHARE_V1,validation,base,57
first_blocker,SCORE_ENTRY_CONDITION_NOT_MET,245423,B0_PRISM_A_SHARE_V1,validation,base,57
actual_events,closed,0,B0_PRISM_A_SHARE_V1,validation,stress,57
actual_events,fill,0,B0_PRISM_A_SHARE_V1,validation,stress,57
all_blockers,ADJUSTMENT_UNAVAILABLE,9308,B0_PRISM_A_SHARE_V1,validation,stress,57
all_blockers,HISTORICAL_RISK_WARNING_UNKNOWN,304893,B0_PRISM_A_SHARE_V1,validation,stress,57
all_blockers,INSTRUMENT_OR_HISTORY_UNKNOWN,10513,B0_PRISM_A_SHARE_V1,validation,stress,57
all_blockers,MARKET_EXPOSURE_CAP_ZERO,1981,B0_PRISM_A_SHARE_V1,validation,stress,57
all_blockers,MARKET_STATE_BLOCKS_NEW_RISK,53490,B0_PRISM_A_SHARE_V1,validation,stress,57
all_blockers,MISSING_OR_INVALID_REAL_BAR,10113,B0_PRISM_A_SHARE_V1,validation,stress,57
all_blockers,NET_EDGE_BELOW_MINIMUM,59470,B0_PRISM_A_SHARE_V1,validation,stress,57
all_blockers,OVEREXTENDED_OR_UNKNOWN,29742,B0_PRISM_A_SHARE_V1,validation,stress,57
all_blockers,PREDICTION_UNAVAILABLE,13040,B0_PRISM_A_SHARE_V1,validation,stress,57
all_blockers,RETURN_ESTIMATE_UNAVAILABLE,13040,B0_PRISM_A_SHARE_V1,validation,stress,57
all_blockers,SCORE_ENTRY_CONDITION_NOT_MET,258463,B0_PRISM_A_SHARE_V1,validation,stress,57
all_blockers,SECTOR_HISTORY_UNAVAILABLE,4989,B0_PRISM_A_SHARE_V1,validation,stress,57
all_blockers,SECURITY_RULE_UNKNOWN,7296,B0_PRISM_A_SHARE_V1,validation,stress,57
all_blockers,SIZING_INPUT_UNAVAILABLE,12901,B0_PRISM_A_SHARE_V1,validation,stress,57
all_blockers,SUSPENDED_OR_UNKNOWN_AT_SIGNAL,10120,B0_PRISM_A_SHARE_V1,validation,stress,57
cumulative_gate,factors,291853,B0_PRISM_A_SHARE_V1,validation,stress,57
cumulative_gate,net_edge,0,B0_PRISM_A_SHARE_V1,validation,stress,57
cumulative_gate,not_extended,31580,B0_PRISM_A_SHARE_V1,validation,stress,57
cumulative_gate,order,0,B0_PRISM_A_SHARE_V1,validation,stress,57
cumulative_gate,quantity,0,B0_PRISM_A_SHARE_V1,validation,stress,57
cumulative_gate,real_bar,294780,B0_PRISM_A_SHARE_V1,validation,stress,57
cumulative_gate,return_estimate,31580,B0_PRISM_A_SHARE_V1,validation,stress,57
cumulative_gate,roster,304893,B0_PRISM_A_SHARE_V1,validation,stress,57
cumulative_gate,score65_55,46430,B0_PRISM_A_SHARE_V1,validation,stress,57
cumulative_gate,state_cooldown,0,B0_PRISM_A_SHARE_V1,validation,stress,57
cumulative_gate,trade_eligibility,0,B0_PRISM_A_SHARE_V1,validation,stress,57
first_blocker,MISSING_OR_INVALID_REAL_BAR,10113,B0_PRISM_A_SHARE_V1,validation,stress,57
first_blocker,NET_EDGE_BELOW_MINIMUM,31580,B0_PRISM_A_SHARE_V1,validation,stress,57
first_blocker,OVEREXTENDED_OR_UNKNOWN,14850,B0_PRISM_A_SHARE_V1,validation,stress,57
first_blocker,PREDICTION_UNAVAILABLE,2927,B0_PRISM_A_SHARE_V1,validation,stress,57
first_blocker,SCORE_ENTRY_CONDITION_NOT_MET,245423,B0_PRISM_A_SHARE_V1,validation,stress,57
actual_events,closed,0,C0_V2_EXPOSURE_CONTROL,test,base,126
actual_events,fill,0,C0_V2_EXPOSURE_CONTROL,test,base,126
all_blockers,ADJUSTMENT_UNAVAILABLE,17432,C0_V2_EXPOSURE_CONTROL,test,base,126
all_blockers,HISTORICAL_RISK_WARNING_UNKNOWN,673974,C0_V2_EXPOSURE_CONTROL,test,base,126
all_blockers,INSTRUMENT_OR_HISTORY_UNKNOWN,19186,C0_V2_EXPOSURE_CONTROL,test,base,126
all_blockers,MARKET_EXPOSURE_CAP_ZERO,11630,C0_V2_EXPOSURE_CONTROL,test,base,126
all_blockers,MISSING_OR_INVALID_REAL_BAR,19660,C0_V2_EXPOSURE_CONTROL,test,base,126
all_blockers,NET_EDGE_BELOW_MINIMUM,88343,C0_V2_EXPOSURE_CONTROL,test,base,126
all_blockers,OVEREXTENDED_OR_UNKNOWN,51346,C0_V2_EXPOSURE_CONTROL,test,base,126
all_blockers,PREDICTION_UNAVAILABLE,27252,C0_V2_EXPOSURE_CONTROL,test,base,126
all_blockers,RETURN_ESTIMATE_UNAVAILABLE,27252,C0_V2_EXPOSURE_CONTROL,test,base,126
all_blockers,SCORE_ENTRY_CONDITION_NOT_MET,612883,C0_V2_EXPOSURE_CONTROL,test,base,126
all_blockers,SECTOR_HISTORY_UNAVAILABLE,6296,C0_V2_EXPOSURE_CONTROL,test,base,126
all_blockers,SECURITY_RULE_UNKNOWN,16128,C0_V2_EXPOSURE_CONTROL,test,base,126
all_blockers,SIZING_INPUT_UNAVAILABLE,26735,C0_V2_EXPOSURE_CONTROL,test,base,126
all_blockers,SUSPENDED_OR_UNKNOWN_AT_SIGNAL,19681,C0_V2_EXPOSURE_CONTROL,test,base,126
cumulative_gate,factors,646722,C0_V2_EXPOSURE_CONTROL,test,base,126
cumulative_gate,net_edge,0,C0_V2_EXPOSURE_CONTROL,test,base,126
cumulative_gate,not_extended,40340,C0_V2_EXPOSURE_CONTROL,test,base,126
cumulative_gate,order,0,C0_V2_EXPOSURE_CONTROL,test,base,126
cumulative_gate,quantity,0,C0_V2_EXPOSURE_CONTROL,test,base,126
cumulative_gate,real_bar,654314,C0_V2_EXPOSURE_CONTROL,test,base,126
cumulative_gate,return_estimate,40340,C0_V2_EXPOSURE_CONTROL,test,base,126
cumulative_gate,roster,673974,C0_V2_EXPOSURE_CONTROL,test,base,126
cumulative_gate,score65_55,61091,C0_V2_EXPOSURE_CONTROL,test,base,126
cumulative_gate,state_cooldown,0,C0_V2_EXPOSURE_CONTROL,test,base,126
cumulative_gate,trade_eligibility,0,C0_V2_EXPOSURE_CONTROL,test,base,126
first_blocker,MISSING_OR_INVALID_REAL_BAR,19660,C0_V2_EXPOSURE_CONTROL,test,base,126
first_blocker,NET_EDGE_BELOW_MINIMUM,40340,C0_V2_EXPOSURE_CONTROL,test,base,126
first_blocker,OVEREXTENDED_OR_UNKNOWN,20751,C0_V2_EXPOSURE_CONTROL,test,base,126
first_blocker,PREDICTION_UNAVAILABLE,7592,C0_V2_EXPOSURE_CONTROL,test,base,126
first_blocker,SCORE_ENTRY_CONDITION_NOT_MET,585631,C0_V2_EXPOSURE_CONTROL,test,base,126
actual_events,closed,0,C0_V2_EXPOSURE_CONTROL,test,stress,126
actual_events,fill,0,C0_V2_EXPOSURE_CONTROL,test,stress,126
all_blockers,ADJUSTMENT_UNAVAILABLE,17432,C0_V2_EXPOSURE_CONTROL,test,stress,126
all_blockers,HISTORICAL_RISK_WARNING_UNKNOWN,673974,C0_V2_EXPOSURE_CONTROL,test,stress,126
all_blockers,INSTRUMENT_OR_HISTORY_UNKNOWN,19186,C0_V2_EXPOSURE_CONTROL,test,stress,126
all_blockers,MARKET_EXPOSURE_CAP_ZERO,11630,C0_V2_EXPOSURE_CONTROL,test,stress,126
all_blockers,MISSING_OR_INVALID_REAL_BAR,19660,C0_V2_EXPOSURE_CONTROL,test,stress,126
all_blockers,NET_EDGE_BELOW_MINIMUM,88343,C0_V2_EXPOSURE_CONTROL,test,stress,126
all_blockers,OVEREXTENDED_OR_UNKNOWN,51346,C0_V2_EXPOSURE_CONTROL,test,stress,126
all_blockers,PREDICTION_UNAVAILABLE,27252,C0_V2_EXPOSURE_CONTROL,test,stress,126
all_blockers,RETURN_ESTIMATE_UNAVAILABLE,27252,C0_V2_EXPOSURE_CONTROL,test,stress,126
all_blockers,SCORE_ENTRY_CONDITION_NOT_MET,612883,C0_V2_EXPOSURE_CONTROL,test,stress,126
all_blockers,SECTOR_HISTORY_UNAVAILABLE,6296,C0_V2_EXPOSURE_CONTROL,test,stress,126
all_blockers,SECURITY_RULE_UNKNOWN,16128,C0_V2_EXPOSURE_CONTROL,test,stress,126
all_blockers,SIZING_INPUT_UNAVAILABLE,26735,C0_V2_EXPOSURE_CONTROL,test,stress,126
all_blockers,SUSPENDED_OR_UNKNOWN_AT_SIGNAL,19681,C0_V2_EXPOSURE_CONTROL,test,stress,126
cumulative_gate,factors,646722,C0_V2_EXPOSURE_CONTROL,test,stress,126
cumulative_gate,net_edge,0,C0_V2_EXPOSURE_CONTROL,test,stress,126
cumulative_gate,not_extended,40340,C0_V2_EXPOSURE_CONTROL,test,stress,126
cumulative_gate,order,0,C0_V2_EXPOSURE_CONTROL,test,stress,126
cumulative_gate,quantity,0,C0_V2_EXPOSURE_CONTROL,test,stress,126
cumulative_gate,real_bar,654314,C0_V2_EXPOSURE_CONTROL,test,stress,126
cumulative_gate,return_estimate,40340,C0_V2_EXPOSURE_CONTROL,test,stress,126
cumulative_gate,roster,673974,C0_V2_EXPOSURE_CONTROL,test,stress,126
cumulative_gate,score65_55,61091,C0_V2_EXPOSURE_CONTROL,test,stress,126
cumulative_gate,state_cooldown,0,C0_V2_EXPOSURE_CONTROL,test,stress,126
cumulative_gate,trade_eligibility,0,C0_V2_EXPOSURE_CONTROL,test,stress,126
first_blocker,MISSING_OR_INVALID_REAL_BAR,19660,C0_V2_EXPOSURE_CONTROL,test,stress,126
first_blocker,NET_EDGE_BELOW_MINIMUM,40340,C0_V2_EXPOSURE_CONTROL,test,stress,126
first_blocker,OVEREXTENDED_OR_UNKNOWN,20751,C0_V2_EXPOSURE_CONTROL,test,stress,126
first_blocker,PREDICTION_UNAVAILABLE,7592,C0_V2_EXPOSURE_CONTROL,test,stress,126
first_blocker,SCORE_ENTRY_CONDITION_NOT_MET,585631,C0_V2_EXPOSURE_CONTROL,test,stress,126
actual_events,closed,0,C0_V2_EXPOSURE_CONTROL,validation,base,57
actual_events,fill,0,C0_V2_EXPOSURE_CONTROL,validation,base,57
all_blockers,ADJUSTMENT_UNAVAILABLE,9308,C0_V2_EXPOSURE_CONTROL,validation,base,57
all_blockers,HISTORICAL_RISK_WARNING_UNKNOWN,304893,C0_V2_EXPOSURE_CONTROL,validation,base,57
all_blockers,INSTRUMENT_OR_HISTORY_UNKNOWN,10513,C0_V2_EXPOSURE_CONTROL,validation,base,57
all_blockers,MARKET_EXPOSURE_CAP_ZERO,1981,C0_V2_EXPOSURE_CONTROL,validation,base,57
all_blockers,MISSING_OR_INVALID_REAL_BAR,10113,C0_V2_EXPOSURE_CONTROL,validation,base,57
all_blockers,NET_EDGE_BELOW_MINIMUM,59470,C0_V2_EXPOSURE_CONTROL,validation,base,57
all_blockers,OVEREXTENDED_OR_UNKNOWN,29742,C0_V2_EXPOSURE_CONTROL,validation,base,57
all_blockers,PREDICTION_UNAVAILABLE,13040,C0_V2_EXPOSURE_CONTROL,validation,base,57
all_blockers,RETURN_ESTIMATE_UNAVAILABLE,13040,C0_V2_EXPOSURE_CONTROL,validation,base,57
all_blockers,SCORE_ENTRY_CONDITION_NOT_MET,258463,C0_V2_EXPOSURE_CONTROL,validation,base,57
all_blockers,SECTOR_HISTORY_UNAVAILABLE,4989,C0_V2_EXPOSURE_CONTROL,validation,base,57
all_blockers,SECURITY_RULE_UNKNOWN,7296,C0_V2_EXPOSURE_CONTROL,validation,base,57
all_blockers,SIZING_INPUT_UNAVAILABLE,12901,C0_V2_EXPOSURE_CONTROL,validation,base,57
all_blockers,SUSPENDED_OR_UNKNOWN_AT_SIGNAL,10120,C0_V2_EXPOSURE_CONTROL,validation,base,57
cumulative_gate,factors,291853,C0_V2_EXPOSURE_CONTROL,validation,base,57
cumulative_gate,net_edge,0,C0_V2_EXPOSURE_CONTROL,validation,base,57
cumulative_gate,not_extended,31580,C0_V2_EXPOSURE_CONTROL,validation,base,57
cumulative_gate,order,0,C0_V2_EXPOSURE_CONTROL,validation,base,57
cumulative_gate,quantity,0,C0_V2_EXPOSURE_CONTROL,validation,base,57
cumulative_gate,real_bar,294780,C0_V2_EXPOSURE_CONTROL,validation,base,57
cumulative_gate,return_estimate,31580,C0_V2_EXPOSURE_CONTROL,validation,base,57
cumulative_gate,roster,304893,C0_V2_EXPOSURE_CONTROL,validation,base,57
cumulative_gate,score65_55,46430,C0_V2_EXPOSURE_CONTROL,validation,base,57
cumulative_gate,state_cooldown,0,C0_V2_EXPOSURE_CONTROL,validation,base,57
cumulative_gate,trade_eligibility,0,C0_V2_EXPOSURE_CONTROL,validation,base,57
first_blocker,MISSING_OR_INVALID_REAL_BAR,10113,C0_V2_EXPOSURE_CONTROL,validation,base,57
first_blocker,NET_EDGE_BELOW_MINIMUM,31580,C0_V2_EXPOSURE_CONTROL,validation,base,57
first_blocker,OVEREXTENDED_OR_UNKNOWN,14850,C0_V2_EXPOSURE_CONTROL,validation,base,57
first_blocker,PREDICTION_UNAVAILABLE,2927,C0_V2_EXPOSURE_CONTROL,validation,base,57
first_blocker,SCORE_ENTRY_CONDITION_NOT_MET,245423,C0_V2_EXPOSURE_CONTROL,validation,base,57
actual_events,closed,0,C0_V2_EXPOSURE_CONTROL,validation,stress,57
actual_events,fill,0,C0_V2_EXPOSURE_CONTROL,validation,stress,57
all_blockers,ADJUSTMENT_UNAVAILABLE,9308,C0_V2_EXPOSURE_CONTROL,validation,stress,57
all_blockers,HISTORICAL_RISK_WARNING_UNKNOWN,304893,C0_V2_EXPOSURE_CONTROL,validation,stress,57
all_blockers,INSTRUMENT_OR_HISTORY_UNKNOWN,10513,C0_V2_EXPOSURE_CONTROL,validation,stress,57
all_blockers,MARKET_EXPOSURE_CAP_ZERO,1981,C0_V2_EXPOSURE_CONTROL,validation,stress,57
all_blockers,MISSING_OR_INVALID_REAL_BAR,10113,C0_V2_EXPOSURE_CONTROL,validation,stress,57
all_blockers,NET_EDGE_BELOW_MINIMUM,59470,C0_V2_EXPOSURE_CONTROL,validation,stress,57
all_blockers,OVEREXTENDED_OR_UNKNOWN,29742,C0_V2_EXPOSURE_CONTROL,validation,stress,57
all_blockers,PREDICTION_UNAVAILABLE,13040,C0_V2_EXPOSURE_CONTROL,validation,stress,57
all_blockers,RETURN_ESTIMATE_UNAVAILABLE,13040,C0_V2_EXPOSURE_CONTROL,validation,stress,57
all_blockers,SCORE_ENTRY_CONDITION_NOT_MET,258463,C0_V2_EXPOSURE_CONTROL,validation,stress,57
all_blockers,SECTOR_HISTORY_UNAVAILABLE,4989,C0_V2_EXPOSURE_CONTROL,validation,stress,57
all_blockers,SECURITY_RULE_UNKNOWN,7296,C0_V2_EXPOSURE_CONTROL,validation,stress,57
all_blockers,SIZING_INPUT_UNAVAILABLE,12901,C0_V2_EXPOSURE_CONTROL,validation,stress,57
all_blockers,SUSPENDED_OR_UNKNOWN_AT_SIGNAL,10120,C0_V2_EXPOSURE_CONTROL,validation,stress,57
cumulative_gate,factors,291853,C0_V2_EXPOSURE_CONTROL,validation,stress,57
cumulative_gate,net_edge,0,C0_V2_EXPOSURE_CONTROL,validation,stress,57
cumulative_gate,not_extended,31580,C0_V2_EXPOSURE_CONTROL,validation,stress,57
cumulative_gate,order,0,C0_V2_EXPOSURE_CONTROL,validation,stress,57
cumulative_gate,quantity,0,C0_V2_EXPOSURE_CONTROL,validation,stress,57
cumulative_gate,real_bar,294780,C0_V2_EXPOSURE_CONTROL,validation,stress,57
cumulative_gate,return_estimate,31580,C0_V2_EXPOSURE_CONTROL,validation,stress,57
cumulative_gate,roster,304893,C0_V2_EXPOSURE_CONTROL,validation,stress,57
cumulative_gate,score65_55,46430,C0_V2_EXPOSURE_CONTROL,validation,stress,57
cumulative_gate,state_cooldown,0,C0_V2_EXPOSURE_CONTROL,validation,stress,57
cumulative_gate,trade_eligibility,0,C0_V2_EXPOSURE_CONTROL,validation,stress,57
first_blocker,MISSING_OR_INVALID_REAL_BAR,10113,C0_V2_EXPOSURE_CONTROL,validation,stress,57
first_blocker,NET_EDGE_BELOW_MINIMUM,31580,C0_V2_EXPOSURE_CONTROL,validation,stress,57
first_blocker,OVEREXTENDED_OR_UNKNOWN,14850,C0_V2_EXPOSURE_CONTROL,validation,stress,57
first_blocker,PREDICTION_UNAVAILABLE,2927,C0_V2_EXPOSURE_CONTROL,validation,stress,57
first_blocker,SCORE_ENTRY_CONDITION_NOT_MET,245423,C0_V2_EXPOSURE_CONTROL,validation,stress,57
