strategy_id,split,cost_scenario,dimension,group,session_count,start_date,end_date,conditional_daily_compound,average_gross_exposure,status,definition
A0_V2_F0,validation,base,market_state,RANGE,44,20251210,20260316,0.0,0.0,OK,DAILY_RETURNS_ATTRIBUTED_BY_CLOSE_DATE; REGIME_GROUPS_NOT_CONTIGUOUS_PORTFOLIOS
A0_V2_F0,validation,base,market_state,STRESS,12,20251211,20260318,0.0,0.0,OK,DAILY_RETURNS_ATTRIBUTED_BY_CLOSE_DATE; REGIME_GROUPS_NOT_CONTIGUOUS_PORTFOLIOS
A0_V2_F0,validation,base,market_state,TREND_EXPANSION,7,20260108,20260123,0.0,0.0,OK,DAILY_RETURNS_ATTRIBUTED_BY_CLOSE_DATE; REGIME_GROUPS_NOT_CONTIGUOUS_PORTFOLIOS
A0_V2_F0,validation,stress,market_state,RANGE,44,20251210,20260316,0.0,0.0,OK,DAILY_RETURNS_ATTRIBUTED_BY_CLOSE_DATE; REGIME_GROUPS_NOT_CONTIGUOUS_PORTFOLIOS
A0_V2_F0,validation,stress,market_state,STRESS,12,20251211,20260318,0.0,0.0,OK,DAILY_RETURNS_ATTRIBUTED_BY_CLOSE_DATE; REGIME_GROUPS_NOT_CONTIGUOUS_PORTFOLIOS
A0_V2_F0,validation,stress,market_state,TREND_EXPANSION,7,20260108,20260123,0.0,0.0,OK,DAILY_RETURNS_ATTRIBUTED_BY_CLOSE_DATE; REGIME_GROUPS_NOT_CONTIGUOUS_PORTFOLIOS
A0_V2_F0,test,base,market_state,RANGE,63,20260408,20260924,0.0,0.0,OK,DAILY_RETURNS_ATTRIBUTED_BY_CLOSE_DATE; REGIME_GROUPS_NOT_CONTIGUOUS_PORTFOLIOS
A0_V2_F0,test,base,market_state,STRESS,61,20260319,20260928,0.0,0.0,OK,DAILY_RETURNS_ATTRIBUTED_BY_CLOSE_DATE; REGIME_GROUPS_NOT_CONTIGUOUS_PORTFOLIOS
A0_V2_F0,test,base,market_state,TREND_EXPANSION,8,20260421,20260831,0.0,0.0,OK,DAILY_RETURNS_ATTRIBUTED_BY_CLOSE_DATE; REGIME_GROUPS_NOT_CONTIGUOUS_PORTFOLIOS
A0_V2_F0,test,stress,market_state,RANGE,63,20260408,20260924,0.0,0.0,OK,DAILY_RETURNS_ATTRIBUTED_BY_CLOSE_DATE; REGIME_GROUPS_NOT_CONTIGUOUS_PORTFOLIOS
A0_V2_F0,test,stress,market_state,STRESS,61,20260319,20260928,0.0,0.0,OK,DAILY_RETURNS_ATTRIBUTED_BY_CLOSE_DATE; REGIME_GROUPS_NOT_CONTIGUOUS_PORTFOLIOS
A0_V2_F0,test,stress,market_state,TREND_EXPANSION,8,20260421,20260831,0.0,0.0,OK,DAILY_RETURNS_ATTRIBUTED_BY_CLOSE_DATE; REGIME_GROUPS_NOT_CONTIGUOUS_PORTFOLIOS
B0_PRISM_A_SHARE_V1,validation,base,market_state,RANGE,44,20251210,20260316,0.0,0.0,OK,DAILY_RETURNS_ATTRIBUTED_BY_CLOSE_DATE; REGIME_GROUPS_NOT_CONTIGUOUS_PORTFOLIOS
B0_PRISM_A_SHARE_V1,validation,base,market_state,STRESS,12,20251211,20260318,0.0,0.0,OK,DAILY_RETURNS_ATTRIBUTED_BY_CLOSE_DATE; REGIME_GROUPS_NOT_CONTIGUOUS_PORTFOLIOS
B0_PRISM_A_SHARE_V1,validation,base,market_state,TREND_EXPANSION,7,20260108,20260123,0.0,0.0,OK,DAILY_RETURNS_ATTRIBUTED_BY_CLOSE_DATE; REGIME_GROUPS_NOT_CONTIGUOUS_PORTFOLIOS
B0_PRISM_A_SHARE_V1,validation,stress,market_state,RANGE,44,20251210,20260316,0.0,0.0,OK,DAILY_RETURNS_ATTRIBUTED_BY_CLOSE_DATE; REGIME_GROUPS_NOT_CONTIGUOUS_PORTFOLIOS
B0_PRISM_A_SHARE_V1,validation,stress,market_state,STRESS,12,20251211,20260318,0.0,0.0,OK,DAILY_RETURNS_ATTRIBUTED_BY_CLOSE_DATE; REGIME_GROUPS_NOT_CONTIGUOUS_PORTFOLIOS
B0_PRISM_A_SHARE_V1,validation,stress,market_state,TREND_EXPANSION,7,20260108,20260123,0.0,0.0,OK,DAILY_RETURNS_ATTRIBUTED_BY_CLOSE_DATE; REGIME_GROUPS_NOT_CONTIGUOUS_PORTFOLIOS
B0_PRISM_A_SHARE_V1,test,base,market_state,RANGE,63,20260408,20260924,0.0,0.0,OK,DAILY_RETURNS_ATTRIBUTED_BY_CLOSE_DATE; REGIME_GROUPS_NOT_CONTIGUOUS_PORTFOLIOS
B0_PRISM_A_SHARE_V1,test,base,market_state,STRESS,61,20260319,20260928,0.0,0.0,OK,DAILY_RETURNS_ATTRIBUTED_BY_CLOSE_DATE; REGIME_GROUPS_NOT_CONTIGUOUS_PORTFOLIOS
B0_PRISM_A_SHARE_V1,test,base,market_state,TREND_EXPANSION,8,20260421,20260831,0.0,0.0,OK,DAILY_RETURNS_ATTRIBUTED_BY_CLOSE_DATE; REGIME_GROUPS_NOT_CONTIGUOUS_PORTFOLIOS
B0_PRISM_A_SHARE_V1,test,stress,market_state,RANGE,63,20260408,20260924,0.0,0.0,OK,DAILY_RETURNS_ATTRIBUTED_BY_CLOSE_DATE; REGIME_GROUPS_NOT_CONTIGUOUS_PORTFOLIOS
B0_PRISM_A_SHARE_V1,test,stress,market_state,STRESS,61,20260319,20260928,0.0,0.0,OK,DAILY_RETURNS_ATTRIBUTED_BY_CLOSE_DATE; REGIME_GROUPS_NOT_CONTIGUOUS_PORTFOLIOS
B0_PRISM_A_SHARE_V1,test,stress,market_state,TREND_EXPANSION,8,20260421,20260831,0.0,0.0,OK,DAILY_RETURNS_ATTRIBUTED_BY_CLOSE_DATE; REGIME_GROUPS_NOT_CONTIGUOUS_PORTFOLIOS
C0_V2_EXPOSURE_CONTROL,validation,base,market_state,RANGE,44,20251210,20260316,0.0,0.0,OK,DAILY_RETURNS_ATTRIBUTED_BY_CLOSE_DATE; REGIME_GROUPS_NOT_CONTIGUOUS_PORTFOLIOS
C0_V2_EXPOSURE_CONTROL,validation,base,market_state,STRESS,12,20251211,20260318,0.0,0.0,OK,DAILY_RETURNS_ATTRIBUTED_BY_CLOSE_DATE; REGIME_GROUPS_NOT_CONTIGUOUS_PORTFOLIOS
C0_V2_EXPOSURE_CONTROL,validation,base,market_state,TREND_EXPANSION,7,20260108,20260123,0.0,0.0,OK,DAILY_RETURNS_ATTRIBUTED_BY_CLOSE_DATE; REGIME_GROUPS_NOT_CONTIGUOUS_PORTFOLIOS
C0_V2_EXPOSURE_CONTROL,validation,stress,market_state,RANGE,44,20251210,20260316,0.0,0.0,OK,DAILY_RETURNS_ATTRIBUTED_BY_CLOSE_DATE; REGIME_GROUPS_NOT_CONTIGUOUS_PORTFOLIOS
C0_V2_EXPOSURE_CONTROL,validation,stress,market_state,STRESS,12,20251211,20260318,0.0,0.0,OK,DAILY_RETURNS_ATTRIBUTED_BY_CLOSE_DATE; REGIME_GROUPS_NOT_CONTIGUOUS_PORTFOLIOS
C0_V2_EXPOSURE_CONTROL,validation,stress,market_state,TREND_EXPANSION,7,20260108,20260123,0.0,0.0,OK,DAILY_RETURNS_ATTRIBUTED_BY_CLOSE_DATE; REGIME_GROUPS_NOT_CONTIGUOUS_PORTFOLIOS
C0_V2_EXPOSURE_CONTROL,test,base,market_state,RANGE,63,20260408,20260924,0.0,0.0,OK,DAILY_RETURNS_ATTRIBUTED_BY_CLOSE_DATE; REGIME_GROUPS_NOT_CONTIGUOUS_PORTFOLIOS
C0_V2_EXPOSURE_CONTROL,test,base,market_state,STRESS,61,20260319,20260928,0.0,0.0,OK,DAILY_RETURNS_ATTRIBUTED_BY_CLOSE_DATE; REGIME_GROUPS_NOT_CONTIGUOUS_PORTFOLIOS
C0_V2_EXPOSURE_CONTROL,test,base,market_state,TREND_EXPANSION,8,20260421,20260831,0.0,0.0,OK,DAILY_RETURNS_ATTRIBUTED_BY_CLOSE_DATE; REGIME_GROUPS_NOT_CONTIGUOUS_PORTFOLIOS
C0_V2_EXPOSURE_CONTROL,test,stress,market_state,RANGE,63,20260408,20260924,0.0,0.0,OK,DAILY_RETURNS_ATTRIBUTED_BY_CLOSE_DATE; REGIME_GROUPS_NOT_CONTIGUOUS_PORTFOLIOS
C0_V2_EXPOSURE_CONTROL,test,stress,market_state,STRESS,61,20260319,20260928,0.0,0.0,OK,DAILY_RETURNS_ATTRIBUTED_BY_CLOSE_DATE; REGIME_GROUPS_NOT_CONTIGUOUS_PORTFOLIOS
C0_V2_EXPOSURE_CONTROL,test,stress,market_state,TREND_EXPANSION,8,20260421,20260831,0.0,0.0,OK,DAILY_RETURNS_ATTRIBUTED_BY_CLOSE_DATE; REGIME_GROUPS_NOT_CONTIGUOUS_PORTFOLIOS
