strategy_id,split,cost_scenario,sector_id,closed_trade_count,net_closed_pnl_cny,closed_win_rate,mean_entry_sector_exposure,status
A0_V2_F0,validation,base,UNALLOCATED,0,0.0,,0.0,NO_CLOSED_TRADES
A0_V2_F0,validation,stress,UNALLOCATED,0,0.0,,0.0,NO_CLOSED_TRADES
A0_V2_F0,test,base,UNALLOCATED,0,0.0,,0.0,NO_CLOSED_TRADES
A0_V2_F0,test,stress,UNALLOCATED,0,0.0,,0.0,NO_CLOSED_TRADES
B0_PRISM_A_SHARE_V1,validation,base,UNALLOCATED,0,0.0,,0.0,NO_CLOSED_TRADES
B0_PRISM_A_SHARE_V1,validation,stress,UNALLOCATED,0,0.0,,0.0,NO_CLOSED_TRADES
B0_PRISM_A_SHARE_V1,test,base,UNALLOCATED,0,0.0,,0.0,NO_CLOSED_TRADES
B0_PRISM_A_SHARE_V1,test,stress,UNALLOCATED,0,0.0,,0.0,NO_CLOSED_TRADES
C0_V2_EXPOSURE_CONTROL,validation,base,UNALLOCATED,0,0.0,,0.0,NO_CLOSED_TRADES
C0_V2_EXPOSURE_CONTROL,validation,stress,UNALLOCATED,0,0.0,,0.0,NO_CLOSED_TRADES
C0_V2_EXPOSURE_CONTROL,test,base,UNALLOCATED,0,0.0,,0.0,NO_CLOSED_TRADES
C0_V2_EXPOSURE_CONTROL,test,stress,UNALLOCATED,0,0.0,,0.0,NO_CLOSED_TRADES
