signal_date,split,reporting_block,evaluation_order,common_planned_label_end_date,signal_allowed
20240821,train,,0,20240829,True
20240822,train,,1,20240830,True
20240823,train,,2,20240902,True
20240826,train,,3,20240903,True
20240827,train,,4,20240904,True
20240828,train,,5,20240905,True
20240829,train,,6,20240906,True
20240830,train,,7,20240909,True
20240902,train,,8,20240910,True
20240903,train,,9,20240911,True
20240904,train,,10,20240912,True
20240905,train,,11,20240913,True
20240906,train,,12,20240918,True
20240909,train,,13,20240919,True
20240910,train,,14,20240920,True
20240911,train,,15,20240923,True
20240912,train,,16,20240924,True
20240913,train,,17,20240925,True
20240918,train,,18,20240926,True
20240919,train,,19,20240927,True
20240920,train,,20,20240930,True
20240923,train,,21,20241008,True
20240924,train,,22,20241009,True
20240925,train,,23,20241010,True
20240926,train,,24,20241011,True
20240927,train,,25,20241014,True
20240930,train,,26,20241015,True
20241008,train,,27,20241016,True
20241009,train,,28,20241017,True
20241010,train,,29,20241018,True
20241011,train,,30,20241021,True
20241014,train,,31,20241022,True
20241015,train,,32,20241023,True
20241016,train,,33,20241024,True
20241017,train,,34,20241025,True
20241018,train,,35,20241028,True
20241021,train,,36,20241029,True
20241022,train,,37,20241030,True
20241023,train,,38,20241031,True
20241024,train,,39,20241101,True
20241025,train,,40,20241104,True
20241028,train,,41,20241105,True
20241029,train,,42,20241106,True
20241030,train,,43,20241107,True
20241031,train,,44,20241108,True
20241101,train,,45,20241111,True
20241104,train,,46,20241112,True
20241105,train,,47,20241113,True
20241106,train,,48,20241114,True
20241107,train,,49,20241115,True
20241108,train,,50,20241118,True
20241111,train,,51,20241119,True
20241112,train,,52,20241120,True
20241113,train,,53,20241121,True
20241114,train,,54,20241122,True
20241115,train,,55,20241125,True
20241118,train,,56,20241126,True
20241119,train,,57,20241127,True
20241120,train,,58,20241128,True
20241121,train,,59,20241129,True
20241122,train,,60,20241202,True
20241125,train,,61,20241203,True
20241126,train,,62,20241204,True
20241127,train,,63,20241205,True
20241128,train,,64,20241206,True
20241129,train,,65,20241209,True
20241202,train,,66,20241210,True
20241203,train,,67,20241211,True
20241204,train,,68,20241212,True
20241205,train,,69,20241213,True
20241206,train,,70,20241216,True
20241209,train,,71,20241217,True
20241210,train,,72,20241218,True
20241211,train,,73,20241219,True
20241212,train,,74,20241220,True
20241213,train,,75,20241223,True
20241216,train,,76,20241224,True
20241217,train,,77,20241225,True
20241218,train,,78,20241226,True
20241219,train,,79,20241227,True
20241220,train,,80,20241230,True
20241223,train,,81,20241231,True
20241224,train,,82,20250102,True
20241225,train,,83,20250103,True
20241226,train,,84,20250106,True
20241227,train,,85,20250107,True
20241230,train,,86,20250108,True
20241231,train,,87,20250109,True
20250102,train,,88,20250110,True
20250103,train,,89,20250113,True
20250106,train,,90,20250114,True
20250107,train,,91,20250115,True
20250108,train,,92,20250116,True
20250109,train,,93,20250117,True
20250110,train,,94,20250120,True
20250113,train,,95,20250121,True
20250114,train,,96,20250122,True
20250115,train,,97,20250123,True
20250116,train,,98,20250124,True
20250117,train,,99,20250127,True
20250120,train,,100,20250205,True
20250121,train,,101,20250206,True
20250122,train,,102,20250207,True
20250123,train,,103,20250210,True
20250124,train,,104,20250211,True
20250127,train,,105,20250212,True
20250205,train,,106,20250213,True
20250206,train,,107,20250214,True
20250207,train,,108,20250217,True
20250210,train,,109,20250218,True
20250211,train,,110,20250219,True
20250212,train,,111,20250220,True
20250213,train,,112,20250221,True
20250214,train,,113,20250224,True
20250217,train,,114,20250225,True
20250218,train,,115,20250226,True
20250219,train,,116,20250227,True
20250220,train,,117,20250228,True
20250221,train,,118,20250303,True
20250224,train,,119,20250304,True
20250225,train,,120,20250305,True
20250226,train,,121,20250306,True
20250227,train,,122,20250307,True
20250228,train,,123,20250310,True
20250303,train,,124,20250311,True
20250304,train,,125,20250312,True
20250305,train,,126,20250313,True
20250306,train,,127,20250314,True
20250307,train,,128,20250317,True
20250310,train,,129,20250318,True
20250311,train,,130,20250319,True
20250312,train,,131,20250320,True
20250313,train,,132,20250321,True
20250314,train,,133,20250324,True
20250317,train,,134,20250325,True
20250318,train,,135,20250326,True
20250319,train,,136,20250327,True
20250320,train,,137,20250328,True
20250321,train,,138,20250331,True
20250324,train,,139,20250401,True
20250325,train,,140,20250402,True
20250326,train,,141,20250403,True
20250327,train,,142,20250407,True
20250328,train,,143,20250408,True
20250331,train,,144,20250409,True
20250401,train,,145,20250410,True
20250402,train,,146,20250411,True
20250403,train,,147,20250414,True
20250407,train,,148,20250415,True
20250408,train,,149,20250416,True
20250409,train,,150,20250417,True
20250410,train,,151,20250418,True
20250411,train,,152,20250421,True
20250414,train,,153,20250422,True
20250415,train,,154,20250423,True
20250416,train,,155,20250424,True
20250417,train,,156,20250425,True
20250418,train,,157,20250428,True
20250421,train,,158,20250429,True
20250422,train,,159,20250430,True
20250423,train,,160,20250506,True
20250424,train,,161,20250507,True
20250425,train,,162,20250508,True
20250428,train,,163,20250509,True
20250429,train,,164,20250512,True
20250430,train,,165,20250513,True
20250506,train,,166,20250514,True
20250507,train,,167,20250515,True
20250508,train,,168,20250516,True
20250509,train,,169,20250519,True
20250512,train,,170,20250520,True
20250513,train,,171,20250521,True
20250514,train,,172,20250522,True
20250515,train,,173,20250523,True
20250516,train,,174,20250526,True
20250519,train,,175,20250527,True
20250520,train,,176,20250528,True
20250521,train,,177,20250529,True
20250522,train,,178,20250530,True
20250523,train,,179,20250603,True
20250526,train,,180,20250604,True
20250527,train,,181,20250605,True
20250528,train,,182,20250606,True
20250529,train,,183,20250609,True
20250530,train,,184,20250610,True
20250603,train,,185,20250611,True
20250604,train,,186,20250612,True
20250605,train,,187,20250613,True
20250606,train,,188,20250616,True
20250609,train,,189,20250617,True
20250610,train,,190,20250618,True
20250611,train,,191,20250619,True
20250612,train,,192,20250620,True
20250613,train,,193,20250623,True
20250616,train,,194,20250624,True
20250617,train,,195,20250625,True
20250618,train,,196,20250626,True
20250619,train,,197,20250627,True
20250620,train,,198,20250630,True
20250623,train,,199,20250701,True
20250624,train,,200,20250702,True
20250625,train,,201,20250703,True
20250626,train,,202,20250704,True
20250627,train,,203,20250707,True
20250630,train,,204,20250708,True
20250701,train,,205,20250709,True
20250702,train,,206,20250710,True
20250703,train,,207,20250711,True
20250704,train,,208,20250714,True
20250707,train,,209,20250715,True
20250708,train,,210,20250716,True
20250709,train,,211,20250717,True
20250710,train,,212,20250718,True
20250711,train,,213,20250721,True
20250714,train,,214,20250722,True
20250715,train,,215,20250723,True
20250716,train,,216,20250724,True
20250717,train,,217,20250725,True
20250718,train,,218,20250728,True
20250721,train,,219,20250729,True
20250722,train,,220,20250730,True
20250723,train,,221,20250731,True
20250724,train,,222,20250801,True
20250725,train,,223,20250804,True
20250728,train,,224,20250805,True
20250729,train,,225,20250806,True
20250730,train,,226,20250807,True
20250731,train,,227,20250808,True
20250801,train,,228,20250811,True
20250804,train,,229,20250812,True
20250805,train,,230,20250813,True
20250806,train,,231,20250814,True
20250807,train,,232,20250815,True
20250808,train,,233,20250818,True
20250811,train,,234,20250819,True
20250812,train,,235,20250820,True
20250813,train,,236,20250821,True
20250814,train,,237,20250822,True
20250815,train,,238,20250825,True
20250818,train,,239,20250826,True
20250819,train,,240,20250827,True
20250820,train,,241,20250828,True
20250821,train,,242,20250829,True
20250822,train,,243,20250901,True
20250825,train,,244,20250902,True
20250826,train,,245,20250903,True
20250827,train,,246,20250904,False
20250828,train,,247,20250905,False
20250829,train,,248,20250908,False
20250901,train,,249,20250909,False
20250902,train,,250,20250910,False
20250903,train,,251,20250911,False
20250904,calibration,,252,20250912,True
20250905,calibration,,253,20250915,True
20250908,calibration,,254,20250916,True
20250909,calibration,,255,20250917,True
20250910,calibration,,256,20250918,True
20250911,calibration,,257,20250919,True
20250912,calibration,,258,20250922,True
20250915,calibration,,259,20250923,True
20250916,calibration,,260,20250924,True
20250917,calibration,,261,20250925,True
20250918,calibration,,262,20250926,True
20250919,calibration,,263,20250929,True
20250922,calibration,,264,20250930,True
20250923,calibration,,265,20251009,True
20250924,calibration,,266,20251010,True
20250925,calibration,,267,20251013,True
20250926,calibration,,268,20251014,True
20250929,calibration,,269,20251015,True
20250930,calibration,,270,20251016,True
20251009,calibration,,271,20251017,True
20251010,calibration,,272,20251020,True
20251013,calibration,,273,20251021,True
20251014,calibration,,274,20251022,True
20251015,calibration,,275,20251023,True
20251016,calibration,,276,20251024,True
20251017,calibration,,277,20251027,True
20251020,calibration,,278,20251028,True
20251021,calibration,,279,20251029,True
20251022,calibration,,280,20251030,True
20251023,calibration,,281,20251031,True
20251024,calibration,,282,20251103,True
20251027,calibration,,283,20251104,True
20251028,calibration,,284,20251105,True
20251029,calibration,,285,20251106,True
20251030,calibration,,286,20251107,True
20251031,calibration,,287,20251110,True
20251103,calibration,,288,20251111,True
20251104,calibration,,289,20251112,True
20251105,calibration,,290,20251113,True
20251106,calibration,,291,20251114,True
20251107,calibration,,292,20251117,True
20251110,calibration,,293,20251118,True
20251111,calibration,,294,20251119,True
20251112,calibration,,295,20251120,True
20251113,calibration,,296,20251121,True
20251114,calibration,,297,20251124,True
20251117,calibration,,298,20251125,True
20251118,calibration,,299,20251126,True
20251119,calibration,,300,20251127,True
20251120,calibration,,301,20251128,True
20251121,calibration,,302,20251201,True
20251124,calibration,,303,20251202,True
20251125,calibration,,304,20251203,True
20251126,calibration,,305,20251204,True
20251127,calibration,,306,20251205,True
20251128,calibration,,307,20251208,True
20251201,calibration,,308,20251209,True
20251202,calibration,,309,20251210,False
20251203,calibration,,310,20251211,False
20251204,calibration,,311,20251212,False
20251205,calibration,,312,20251215,False
20251208,calibration,,313,20251216,False
20251209,calibration,,314,20251217,False
20251210,validation,,315,20251218,True
20251211,validation,,316,20251219,True
20251212,validation,,317,20251222,True
20251215,validation,,318,20251223,True
20251216,validation,,319,20251224,True
20251217,validation,,320,20251225,True
20251218,validation,,321,20251226,True
20251219,validation,,322,20251229,True
20251222,validation,,323,20251230,True
20251223,validation,,324,20251231,True
20251224,validation,,325,20260105,True
20251225,validation,,326,20260106,True
20251226,validation,,327,20260107,True
20251229,validation,,328,20260108,True
20251230,validation,,329,20260109,True
20251231,validation,,330,20260112,True
20260105,validation,,331,20260113,True
20260106,validation,,332,20260114,True
20260107,validation,,333,20260115,True
20260108,validation,,334,20260116,True
20260109,validation,,335,20260119,True
20260112,validation,,336,20260120,True
20260113,validation,,337,20260121,True
20260114,validation,,338,20260122,True
20260115,validation,,339,20260123,True
20260116,validation,,340,20260126,True
20260119,validation,,341,20260127,True
20260120,validation,,342,20260128,True
20260121,validation,,343,20260129,True
20260122,validation,,344,20260130,True
20260123,validation,,345,20260202,True
20260126,validation,,346,20260203,True
20260127,validation,,347,20260204,True
20260128,validation,,348,20260205,True
20260129,validation,,349,20260206,True
20260130,validation,,350,20260209,True
20260202,validation,,351,20260210,True
20260203,validation,,352,20260211,True
20260204,validation,,353,20260212,True
20260205,validation,,354,20260213,True
20260206,validation,,355,20260224,True
20260209,validation,,356,20260225,True
20260210,validation,,357,20260226,True
20260211,validation,,358,20260227,True
20260212,validation,,359,20260302,True
20260213,validation,,360,20260303,True
20260224,validation,,361,20260304,True
20260225,validation,,362,20260305,True
20260226,validation,,363,20260306,True
20260227,validation,,364,20260309,True
20260302,validation,,365,20260310,True
20260303,validation,,366,20260311,True
20260304,validation,,367,20260312,True
20260305,validation,,368,20260313,True
20260306,validation,,369,20260316,True
20260309,validation,,370,20260317,True
20260310,validation,,371,20260318,True
20260311,validation,,372,20260319,False
20260312,validation,,373,20260320,False
20260313,validation,,374,20260323,False
20260316,validation,,375,20260324,False
20260317,validation,,376,20260325,False
20260318,validation,,377,20260326,False
20260319,test,test_1,378,20260327,True
20260320,test,test_1,379,20260330,True
20260323,test,test_1,380,20260331,True
20260324,test,test_1,381,20260401,True
20260325,test,test_1,382,20260402,True
20260326,test,test_1,383,20260403,True
20260327,test,test_1,384,20260407,True
20260330,test,test_1,385,20260408,True
20260331,test,test_1,386,20260409,True
20260401,test,test_1,387,20260410,True
20260402,test,test_1,388,20260413,True
20260403,test,test_1,389,20260414,True
20260407,test,test_1,390,20260415,True
20260408,test,test_1,391,20260416,True
20260409,test,test_1,392,20260417,True
20260410,test,test_1,393,20260420,True
20260413,test,test_1,394,20260421,True
20260414,test,test_1,395,20260422,True
20260415,test,test_1,396,20260423,True
20260416,test,test_1,397,20260424,True
20260417,test,test_1,398,20260427,True
20260420,test,test_1,399,20260428,True
20260421,test,test_1,400,20260429,True
20260422,test,test_1,401,20260430,True
20260423,test,test_1,402,20260506,True
20260424,test,test_1,403,20260507,True
20260427,test,test_1,404,20260508,True
20260428,test,test_1,405,20260511,True
20260429,test,test_1,406,20260512,True
20260430,test,test_1,407,20260513,True
20260506,test,test_1,408,20260514,True
20260507,test,test_1,409,20260515,True
20260508,test,test_1,410,20260518,True
20260511,test,test_1,411,20260519,True
20260512,test,test_1,412,20260520,True
20260513,test,test_1,413,20260521,True
20260514,test,test_1,414,20260522,True
20260515,test,test_1,415,20260525,True
20260518,test,test_1,416,20260526,True
20260519,test,test_1,417,20260527,True
20260520,test,test_1,418,20260528,True
20260521,test,test_1,419,20260529,True
20260522,test,test_1,420,20260601,True
20260525,test,test_1,421,20260602,True
20260526,test,test_1,422,20260603,True
20260527,test,test_1,423,20260604,True
20260528,test,test_1,424,20260605,True
20260529,test,test_1,425,20260608,True
20260601,test,test_1,426,20260609,True
20260602,test,test_1,427,20260610,True
20260603,test,test_1,428,20260611,True
20260604,test,test_1,429,20260612,True
20260605,test,test_1,430,20260615,True
20260608,test,test_1,431,20260616,True
20260609,test,test_1,432,20260617,True
20260610,test,test_1,433,20260618,True
20260611,test,test_1,434,20260622,True
20260612,test,test_1,435,20260623,True
20260615,test,test_1,436,20260624,True
20260616,test,test_1,437,20260625,True
20260617,test,test_1,438,20260626,True
20260618,test,test_1,439,20260629,True
20260622,test,test_1,440,20260630,True
20260623,test,test_2,441,20260701,True
20260624,test,test_2,442,20260702,True
20260625,test,test_2,443,20260703,True
20260626,test,test_2,444,20260706,True
20260629,test,test_2,445,20260707,True
20260630,test,test_2,446,20260708,True
20260701,test,test_2,447,20260709,True
20260702,test,test_2,448,20260710,True
20260703,test,test_2,449,20260713,True
20260706,test,test_2,450,20260714,True
20260707,test,test_2,451,20260715,True
20260708,test,test_2,452,20260716,True
20260709,test,test_2,453,20260717,True
20260710,test,test_2,454,20260720,True
20260713,test,test_2,455,20260721,True
20260714,test,test_2,456,20260722,True
20260715,test,test_2,457,20260723,True
20260716,test,test_2,458,20260724,True
20260717,test,test_2,459,20260727,True
20260720,test,test_2,460,20260728,True
20260721,test,test_2,461,20260729,True
20260722,test,test_2,462,20260730,True
20260723,test,test_2,463,20260731,True
20260724,test,test_2,464,20260803,True
20260727,test,test_2,465,20260804,True
20260728,test,test_2,466,20260805,True
20260729,test,test_2,467,20260806,True
20260730,test,test_2,468,20260807,True
20260731,test,test_2,469,20260810,True
20260803,test,test_2,470,20260811,True
20260804,test,test_2,471,20260812,True
20260805,test,test_2,472,20260813,True
20260806,test,test_2,473,20260814,True
20260807,test,test_2,474,20260817,True
20260810,test,test_2,475,20260818,True
20260811,test,test_2,476,20260819,True
20260812,test,test_2,477,20260820,True
20260813,test,test_2,478,20260821,True
20260814,test,test_2,479,20260824,True
20260817,test,test_2,480,20260825,True
20260818,test,test_2,481,20260826,True
20260819,test,test_2,482,20260827,True
20260820,test,test_2,483,20260828,True
20260821,test,test_2,484,20260831,True
20260824,test,test_2,485,20260901,True
20260825,test,test_2,486,20260902,True
20260826,test,test_2,487,20260903,True
20260827,test,test_2,488,20260904,True
20260828,test,test_2,489,20260907,True
20260831,test,test_2,490,20260908,True
20260901,test,test_2,491,20260909,True
20260902,test,test_2,492,20260910,True
20260903,test,test_2,493,20260911,True
20260904,test,test_2,494,20260914,True
20260907,test,test_2,495,20260915,True
20260908,test,test_2,496,20260916,True
20260909,test,test_2,497,20260917,True
20260910,test,test_2,498,20260918,True
20260911,test,test_2,499,20260921,True
20260914,test,test_2,500,20260922,True
20260915,test,test_2,501,20260923,True
20260916,test,test_2,502,20260924,True
20260917,test,test_2,503,20260928,True
