policy_id,cost,phase,qualified,net_return,median_return,worst_return,max_drawdown,win_rate,closed_episodes,wilson_lower,wilson_upper,profit_factor,profit_factor_status,payoff_ratio_return,mean_episode_net_return,nonnegative_windows,positive_windows,rejections,primary,diagnostic_rejections
BASE_DEF,base,selection,False,0.026717601666666646,0.0071958650000000235,-0.014512280000000044,0.04292896938747226,0.5138888888888888,144,0.4329610934243751,0.5940949166549849,1.430261159652546,FINITE,1.5531238588039957,0.009208183469810205,4.0,4.0,WIN_RATE_BELOW_65_PERCENT|WILSON_LOWER_BELOW_GATE,,
BASE_DEF,stress,selection,False,0.013680628333333333,-0.007034614999999966,-0.023362760000000038,0.04780863197450114,0.4897959183673469,147,0.4102802763195571,0.5698312923204273,1.1900708342568604,FINITE,1.519154154518677,0.007388507052884327,2.0,2.0,WIN_RATE_BELOW_65_PERCENT|WILSON_LOWER_BELOW_GATE|PROFIT_FACTOR_BELOW_1_30|FEWER_THAN_4_NONNEGATIVE_WINDOWS,,
BASE_ENV,base,selection,False,0.05200606499999999,0.026982830000000013,-0.02029274999999997,0.07986754343882063,0.4691358024691358,162,0.3938947766491506,0.5458066703164607,1.461751884186718,FINITE,1.6165105124793613,0.008570226728129678,5.0,5.0,WIN_RATE_BELOW_65_PERCENT|WILSON_LOWER_BELOW_GATE,,
BASE_ENV,stress,selection,False,0.022808193333333355,0.0021952299999999925,-0.028128849999999983,0.08601532999999995,0.4472049689440994,161,0.3725238517173205,0.5243467527918781,1.1942376840878193,FINITE,1.501979154474065,0.00458816072408709,4.0,4.0,WIN_RATE_BELOW_65_PERCENT|WILSON_LOWER_BELOW_GATE|PROFIT_FACTOR_BELOW_1_30,,
S01_CONFIRMED,base,selection,False,0.025764901666666656,0.018167450000000085,-0.03137361999999999,0.0811586620508643,0.5037593984962406,133,0.41988216585971766,0.5874255609696954,1.3104366783771162,FINITE,1.458272583322268,0.008077014852785856,5.0,5.0,WIN_RATE_BELOW_65_PERCENT|WILSON_LOWER_BELOW_GATE,,
S01_CONFIRMED,stress,selection,False,0.015326806666666673,0.008147084999999943,-0.04302402999999999,0.08965017269541553,0.49624060150375937,133,0.4125744390303046,0.5801178341402824,1.1743016808908442,FINITE,1.3440425710016497,0.0058128917457412645,4.0,4.0,WIN_RATE_BELOW_65_PERCENT|WILSON_LOWER_BELOW_GATE|PROFIT_FACTOR_BELOW_1_30,,
S01_STRICT,base,selection,False,0.001321881666666654,0.006437250000000061,-0.04228984000000002,0.04228984000000002,0.5263157894736842,19,0.3170780924511316,0.7267019483882042,1.111576209912602,FINITE,1.5400520402670779,0.00948580260828072,4.0,4.0,WIN_RATE_BELOW_65_PERCENT|INSUFFICIENT_TRADES|WILSON_LOWER_BELOW_GATE|PROFIT_FACTOR_BELOW_1_30,,
S01_STRICT,stress,selection,False,-2.11749999999844e-05,0.005877385000000013,-0.04596314000000001,0.04596314000000001,0.5263157894736842,19,0.3170780924511316,0.7267019483882042,0.9983099969698331,FINITE,1.3628759335854144,0.0073512532284301275,4.0,4.0,WIN_RATE_BELOW_65_PERCENT|INSUFFICIENT_TRADES|WILSON_LOWER_BELOW_GATE|PROFIT_FACTOR_BELOW_1_30|NONPOSITIVE_MEAN_WINDOW_RETURN,,
S02_CONFIRMED,base,selection,False,-0.0030524499999999657,-0.008352439999999961,-0.08821168999999995,0.09406766774526865,0.4074074074074074,162,0.33473993181886974,0.4843644090779644,0.9744700105529868,FINITE,1.3671451315353127,-0.0012898232797512238,3.0,3.0,WIN_RATE_BELOW_65_PERCENT|WILSON_LOWER_BELOW_GATE|PROFIT_FACTOR_BELOW_1_30|NONPOSITIVE_EPISODE_EXPECTANCY|NONPOSITIVE_MEAN_WINDOW_RETURN|WORST_WINDOW_BELOW_MINUS_5_PERCENT|FEWER_THAN_4_NONNEGATIVE_WINDOWS,,
S02_CONFIRMED,stress,selection,False,-0.004998471666666671,-0.019518329999999973,-0.09408174999999996,0.09891690806608566,0.40606060606060607,165,0.3340914995163522,0.4823043062500425,0.9587504400266841,FINITE,1.3284038440567012,-0.0020203410581277137,3.0,3.0,WIN_RATE_BELOW_65_PERCENT|WILSON_LOWER_BELOW_GATE|PROFIT_FACTOR_BELOW_1_30|NONPOSITIVE_EPISODE_EXPECTANCY|NONPOSITIVE_MEAN_WINDOW_RETURN|WORST_WINDOW_BELOW_MINUS_5_PERCENT|FEWER_THAN_4_NONNEGATIVE_WINDOWS,,
S02_STRICT,base,selection,False,-0.0007229599999999947,0.0,-0.010780119999999949,0.013991431586295233,0.45454545454545453,11,0.21271271622459764,0.719908462590678,0.8335970047338096,FINITE,1.180102712241464,-0.00018709874617381603,4.0,2.0,WIN_RATE_BELOW_65_PERCENT|INSUFFICIENT_TRADES|WILSON_LOWER_BELOW_GATE|PROFIT_FACTOR_BELOW_1_30|NONPOSITIVE_EPISODE_EXPECTANCY|NONPOSITIVE_MEAN_WINDOW_RETURN,,
S02_STRICT,stress,selection,False,-0.0013278399999999875,-0.00037533499999997666,-0.011451949999999989,0.014330872673712025,0.45454545454545453,11,0.21271271622459764,0.719908462590678,0.748555312819354,FINITE,1.051753571744154,-0.0017502994024817392,3.0,1.0,WIN_RATE_BELOW_65_PERCENT|INSUFFICIENT_TRADES|WILSON_LOWER_BELOW_GATE|PROFIT_FACTOR_BELOW_1_30|NONPOSITIVE_EPISODE_EXPECTANCY|NONPOSITIVE_MEAN_WINDOW_RETURN|FEWER_THAN_4_NONNEGATIVE_WINDOWS|FEWER_THAN_2_POSITIVE_WINDOWS,,
S03_CONFIRMED,base,selection,False,-0.002410031666666664,0.0001173399999999658,-0.03135969000000005,0.03213406985205203,0.4857142857142857,35,0.32994236002509725,0.6443119540413141,0.8429063080979647,FINITE,1.0219474766359389,-0.0004859341012369216,4.0,3.0,WIN_RATE_BELOW_65_PERCENT|INSUFFICIENT_TRADES|WILSON_LOWER_BELOW_GATE|PROFIT_FACTOR_BELOW_1_30|NONPOSITIVE_EPISODE_EXPECTANCY|NONPOSITIVE_MEAN_WINDOW_RETURN,,
S03_CONFIRMED,stress,selection,False,-0.004891074999999985,-0.0003925249999999769,-0.03637822000000002,0.03637822000000002,0.45714285714285713,35,0.3046601928840721,0.6181027493151624,0.7021448167436177,FINITE,0.9531251150821582,-0.002973717695183419,3.0,2.0,WIN_RATE_BELOW_65_PERCENT|INSUFFICIENT_TRADES|WILSON_LOWER_BELOW_GATE|PROFIT_FACTOR_BELOW_1_30|NONPOSITIVE_EPISODE_EXPECTANCY|NONPOSITIVE_MEAN_WINDOW_RETURN|FEWER_THAN_4_NONNEGATIVE_WINDOWS,,
S03_STRICT,base,selection,False,-0.0008511299999999963,0.0,-0.0051067799999999774,0.005764419999999992,0.0,1,0.0,0.7934506856227626,0.0,FINITE,,-0.030777562594085945,5.0,0.0,WIN_RATE_BELOW_65_PERCENT|INSUFFICIENT_TRADES|WILSON_LOWER_BELOW_GATE|PROFIT_FACTOR_BELOW_1_30|PAYOFF_RATIO_BELOW_0_80|NONPOSITIVE_EPISODE_EXPECTANCY|NONPOSITIVE_MEAN_WINDOW_RETURN|FEWER_THAN_2_POSITIVE_WINDOWS,,
S03_STRICT,stress,selection,False,-0.0009167833333333375,0.0,-0.005500700000000025,0.0059614799999999635,0.0,1,0.0,0.7934506856227626,0.0,FINITE,,-0.03311231568418675,5.0,0.0,WIN_RATE_BELOW_65_PERCENT|INSUFFICIENT_TRADES|WILSON_LOWER_BELOW_GATE|PROFIT_FACTOR_BELOW_1_30|PAYOFF_RATIO_BELOW_0_80|NONPOSITIVE_EPISODE_EXPECTANCY|NONPOSITIVE_MEAN_WINDOW_RETURN|FEWER_THAN_2_POSITIVE_WINDOWS,,
S04_CONFIRMED,base,selection,False,0.05676663000000002,0.033479225,-0.007524069999999994,0.05894995999999997,0.5511811023622047,127,0.4644419396517996,0.6349149470504136,1.8681751410658067,FINITE,1.5806676231181294,0.013410171700105913,5.0,5.0,WIN_RATE_BELOW_65_PERCENT|WILSON_LOWER_BELOW_GATE,,
S04_CONFIRMED,stress,selection,False,0.042391291666666664,0.012232465000000026,-0.011696189999999995,0.06239952000000004,0.5234375,128,0.43749793124049374,0.6080112739341855,1.575099358987476,FINITE,1.5330744352925687,0.01080630674894994,3.0,3.0,WIN_RATE_BELOW_65_PERCENT|WILSON_LOWER_BELOW_GATE|FEWER_THAN_4_NONNEGATIVE_WINDOWS,,
S04_STRICT,base,selection,False,0.00498757666666666,-0.0008495900000000112,-0.005286380000000035,0.033300050000000025,0.45454545454545453,11,0.21271271622459764,0.719908462590678,1.578687643618203,FINITE,1.5259121042085613,0.0058614919206577245,3.0,1.0,WIN_RATE_BELOW_65_PERCENT|INSUFFICIENT_TRADES|WILSON_LOWER_BELOW_GATE|FEWER_THAN_4_NONNEGATIVE_WINDOWS|FEWER_THAN_2_POSITIVE_WINDOWS,,
S04_STRICT,stress,selection,False,0.005056981666666664,-0.0010515400000000175,-0.0067620299999999745,0.034128469999999966,0.45454545454545453,11,0.21271271622459764,0.719908462590678,1.5612834721193236,FINITE,1.529944219165243,0.00624120521462474,3.0,1.0,WIN_RATE_BELOW_65_PERCENT|INSUFFICIENT_TRADES|WILSON_LOWER_BELOW_GATE|FEWER_THAN_4_NONNEGATIVE_WINDOWS|FEWER_THAN_2_POSITIVE_WINDOWS,,
S05_CONFIRMED,base,selection,False,-0.01657289333333332,-0.015024599999999999,-0.04630458999999998,0.047012420000000055,0.40540540540540543,37,0.26346518192014284,0.5651403526977063,0.4526316160313616,FINITE,0.9586730957946348,-0.0067527766405935585,1.0,1.0,WIN_RATE_BELOW_65_PERCENT|INSUFFICIENT_TRADES|WILSON_LOWER_BELOW_GATE|PROFIT_FACTOR_BELOW_1_30|NONPOSITIVE_EPISODE_EXPECTANCY|NONPOSITIVE_MEAN_WINDOW_RETURN|FEWER_THAN_4_NONNEGATIVE_WINDOWS|FEWER_THAN_2_POSITIVE_WINDOWS,,
S05_CONFIRMED,stress,selection,False,-0.019466093333333323,-0.017802839999999986,-0.05302722000000004,0.05358317999999995,0.40540540540540543,37,0.26346518192014284,0.5651403526977063,0.3931192557344515,FINITE,0.8307385149891429,-0.008991104394563253,1.0,1.0,WIN_RATE_BELOW_65_PERCENT|INSUFFICIENT_TRADES|WILSON_LOWER_BELOW_GATE|PROFIT_FACTOR_BELOW_1_30|NONPOSITIVE_EPISODE_EXPECTANCY|NONPOSITIVE_MEAN_WINDOW_RETURN|WORST_WINDOW_BELOW_MINUS_5_PERCENT|FEWER_THAN_4_NONNEGATIVE_WINDOWS|FEWER_THAN_2_POSITIVE_WINDOWS,,
S05_STRICT,base,selection,False,0.0,0.0,0.0,-0.0,,0,,,,UNDEFINED,,,6.0,0.0,WIN_RATE_BELOW_65_PERCENT|INSUFFICIENT_TRADES|WILSON_LOWER_BELOW_GATE|PROFIT_FACTOR_UNDEFINED|PAYOFF_RATIO_UNDEFINED|NONPOSITIVE_EPISODE_EXPECTANCY|NONPOSITIVE_MEAN_WINDOW_RETURN|FEWER_THAN_2_POSITIVE_WINDOWS,,
S05_STRICT,stress,selection,False,0.0,0.0,0.0,-0.0,,0,,,,UNDEFINED,,,6.0,0.0,WIN_RATE_BELOW_65_PERCENT|INSUFFICIENT_TRADES|WILSON_LOWER_BELOW_GATE|PROFIT_FACTOR_UNDEFINED|PAYOFF_RATIO_UNDEFINED|NONPOSITIVE_EPISODE_EXPECTANCY|NONPOSITIVE_MEAN_WINDOW_RETURN|FEWER_THAN_2_POSITIVE_WINDOWS,,
S06_CONFIRMED,base,selection,False,0.010045706666666635,0.0035404999999999465,-0.005097640000000014,0.03863327999999999,0.5277777777777778,36,0.37005938022987594,0.6801395848482095,1.461636507693975,FINITE,1.3082267161346377,0.010155820943640412,5.0,4.0,WIN_RATE_BELOW_65_PERCENT|INSUFFICIENT_TRADES|WILSON_LOWER_BELOW_GATE,,
S06_CONFIRMED,stress,selection,False,0.007618479999999965,0.002880679999999969,-0.007206020000000035,0.04081206999999998,0.5277777777777778,36,0.37005938022987594,0.6801395848482095,1.3306973071730344,FINITE,1.1910244076293988,0.007704470790388388,4.0,3.0,WIN_RATE_BELOW_65_PERCENT|INSUFFICIENT_TRADES|WILSON_LOWER_BELOW_GATE,,
S06_STRICT,base,selection,False,0.007184326666666648,0.0,-0.014516430000000025,0.02044155374296619,0.6666666666666666,9,0.3542021355803963,0.879416181613089,2.528319460404094,FINITE,1.2600575173593385,0.028760879370054743,5.0,2.0,INSUFFICIENT_TRADES|WILSON_LOWER_BELOW_GATE,,
S06_STRICT,stress,selection,False,0.00853933166666665,0.0,-0.003782720000000017,0.009461152335838885,0.6666666666666666,9,0.3542021355803963,0.879416181613089,3.922913809509684,FINITE,1.9494900528491905,0.03417288908018319,5.0,2.0,INSUFFICIENT_TRADES|WILSON_LOWER_BELOW_GATE,,
S07_CONFIRMED,base,selection,False,0.00489103333333335,0.0021281600000000456,-0.030631870000000005,0.032633717079122104,0.4117647058823529,17,0.2161105679021481,0.6399455735700021,1.3886453709984539,FINITE,1.8911363898675675,0.006197322524056132,5.0,3.0,WIN_RATE_BELOW_65_PERCENT|INSUFFICIENT_TRADES|WILSON_LOWER_BELOW_GATE,,
S07_CONFIRMED,stress,selection,False,0.00362086500000001,0.002011195000000021,-0.03445518999999997,0.035514825987621346,0.4117647058823529,17,0.2161105679021481,0.6399455735700021,1.272296057989717,FINITE,1.7262201211993835,0.004221449742402966,5.0,3.0,WIN_RATE_BELOW_65_PERCENT|INSUFFICIENT_TRADES|WILSON_LOWER_BELOW_GATE|PROFIT_FACTOR_BELOW_1_30,,
S07_STRICT,base,selection,False,-0.0036256933333333277,0.0,-0.021754159999999967,0.027071254896727348,0.2,5,0.03622410863243014,0.6244653702374747,0.0683666687222919,FINITE,0.2041585125649407,-0.01796249123792347,5.0,0.0,WIN_RATE_BELOW_65_PERCENT|INSUFFICIENT_TRADES|WILSON_LOWER_BELOW_GATE|PROFIT_FACTOR_BELOW_1_30|PAYOFF_RATIO_BELOW_0_80|NONPOSITIVE_EPISODE_EXPECTANCY|NONPOSITIVE_MEAN_WINDOW_RETURN|FEWER_THAN_2_POSITIVE_WINDOWS,,
S07_STRICT,stress,selection,False,-0.004021680000000009,0.0,-0.024130080000000054,0.02878176065196969,0.2,5,0.03622410863243014,0.6244653702374747,0.0435991310375825,FINITE,0.13074019483536634,-0.019767212835209855,5.0,0.0,WIN_RATE_BELOW_65_PERCENT|INSUFFICIENT_TRADES|WILSON_LOWER_BELOW_GATE|PROFIT_FACTOR_BELOW_1_30|PAYOFF_RATIO_BELOW_0_80|NONPOSITIVE_EPISODE_EXPECTANCY|NONPOSITIVE_MEAN_WINDOW_RETURN|FEWER_THAN_2_POSITIVE_WINDOWS,,
S08_CONFIRMED,base,selection,False,0.011753838333333341,0.014806969999999975,-0.08344465999999995,0.0946583156592593,0.42990654205607476,107,0.3401406874570182,0.524530887966171,1.1621039089222966,FINITE,1.7228424413040546,0.005495820745535889,4.0,4.0,WIN_RATE_BELOW_65_PERCENT|WILSON_LOWER_BELOW_GATE|PROFIT_FACTOR_BELOW_1_30|WORST_WINDOW_BELOW_MINUS_5_PERCENT,,
S08_CONFIRMED,stress,selection,False,0.0003237450000000049,-0.006392120000000001,-0.08911528000000002,0.09993272059616931,0.41904761904761906,105,0.3291664697059705,0.5146430475111234,1.0043200637310983,FINITE,1.5853173551589765,0.002809281924485326,2.0,2.0,WIN_RATE_BELOW_65_PERCENT|WILSON_LOWER_BELOW_GATE|PROFIT_FACTOR_BELOW_1_30|WORST_WINDOW_BELOW_MINUS_5_PERCENT|FEWER_THAN_4_NONNEGATIVE_WINDOWS,,
S08_STRICT,base,selection,False,0.0004426166666666731,0.0,0.0,0.0022259300000000426,1.0,1,0.20654931437723745,1.0,,NO_OBSERVED_LOSSES,,0.01616019089678076,6.0,1.0,INSUFFICIENT_TRADES|WILSON_LOWER_BELOW_GATE|FEWER_THAN_2_POSITIVE_WINDOWS,,
S08_STRICT,stress,selection,False,0.0003846299999999969,0.0,0.0,0.0023999799999999682,1.0,1,0.20654931437723745,1.0,,NO_OBSERVED_LOSSES,,0.014028206677795474,6.0,1.0,INSUFFICIENT_TRADES|WILSON_LOWER_BELOW_GATE|FEWER_THAN_2_POSITIVE_WINDOWS,,
BASE_DEF,base,review,,0.06383657000000009,,,0.022798724262281023,0.5151515151515151,33,0.3521837544891414,0.674959578918663,1.888513907089355,FINITE,2.091920507066756,0.016567857554827408,,,,False,WIN_RATE_BELOW_65_PERCENT|WILSON_LOWER_BELOW_GATE
BASE_DEF,stress,review,,0.003585230000000106,,,0.06496893770499346,0.35294117647058826,34,0.21487920594879492,0.5208603688021826,1.033630075083589,FINITE,2.3824872504532086,0.005827148086744044,,,,False,WIN_RATE_BELOW_65_PERCENT|WILSON_LOWER_BELOW_GATE|PROFIT_FACTOR_BELOW_1_30
BASE_ENV,base,review,,0.015244449999999965,,,0.05079573343960553,0.4,40,0.2634832568429192,0.5540410633965381,1.0988853605855522,FINITE,1.6493762899972797,0.00201585718773824,,,,False,WIN_RATE_BELOW_65_PERCENT|WILSON_LOWER_BELOW_GATE|PROFIT_FACTOR_BELOW_1_30|NOT_ABOVE_BASE_ENV_RETURN
BASE_ENV,stress,review,,-0.00782179999999999,,,0.06023858409414318,0.375,40,0.24222979167233266,0.5296756086269889,0.9531964158859089,FINITE,1.538356111123546,-0.0017368950648739788,,,,False,WIN_RATE_BELOW_65_PERCENT|WILSON_LOWER_BELOW_GATE|PROFIT_FACTOR_BELOW_1_30|NONPOSITIVE_EPISODE_EXPECTANCY|NONPOSITIVE_REVIEW_RETURN|NOT_ABOVE_BASE_ENV_RETURN
S01_CONFIRMED,base,review,,-0.01603321999999996,,,0.03693456179087207,0.37037037037037035,27,0.21532512960965597,0.5577076558789761,0.8100363820418895,FINITE,1.4307516467617616,-0.002913446135172066,,,,False,WIN_RATE_BELOW_65_PERCENT|INSUFFICIENT_TRADES|WILSON_LOWER_BELOW_GATE|PROFIT_FACTOR_BELOW_1_30|NONPOSITIVE_EPISODE_EXPECTANCY|NONPOSITIVE_REVIEW_RETURN|NOT_ABOVE_BASE_ENV_RETURN
S01_CONFIRMED,stress,review,,-0.03724793000000004,,,0.03893220131719166,0.32142857142857145,28,0.1793324692249496,0.5066115681914238,0.60630161699062,FINITE,1.3345624076516822,-0.007383744658187389,,,,False,WIN_RATE_BELOW_65_PERCENT|INSUFFICIENT_TRADES|WILSON_LOWER_BELOW_GATE|PROFIT_FACTOR_BELOW_1_30|NONPOSITIVE_EPISODE_EXPECTANCY|NONPOSITIVE_REVIEW_RETURN|NOT_ABOVE_BASE_ENV_RETURN
S01_STRICT,base,review,,-0.0059762199999999766,,,0.015437064299758774,0.5,8,0.21521606221387757,0.7847839377861224,0.7056307377973754,FINITE,0.7181907940178622,-0.00431997465093118,,,,False,WIN_RATE_BELOW_65_PERCENT|INSUFFICIENT_TRADES|WILSON_LOWER_BELOW_GATE|PROFIT_FACTOR_BELOW_1_30|PAYOFF_RATIO_BELOW_0_80|NONPOSITIVE_EPISODE_EXPECTANCY|NONPOSITIVE_REVIEW_RETURN|NOT_ABOVE_BASE_ENV_RETURN
S01_STRICT,stress,review,,-0.018924619999999948,,,0.01955061732185237,0.375,8,0.13684428582359742,0.6942576053973727,0.3123101320100352,FINITE,0.5297647433390703,-0.014233120094079451,,,,False,WIN_RATE_BELOW_65_PERCENT|INSUFFICIENT_TRADES|WILSON_LOWER_BELOW_GATE|PROFIT_FACTOR_BELOW_1_30|PAYOFF_RATIO_BELOW_0_80|NONPOSITIVE_EPISODE_EXPECTANCY|NONPOSITIVE_REVIEW_RETURN|NOT_ABOVE_BASE_ENV_RETURN
S02_CONFIRMED,base,review,,-0.043233560000000004,,,0.07634850437764884,0.3170731707317073,41,0.19564613898988575,0.4698419964434429,0.7274546212747554,FINITE,1.5135526341177459,-0.006209951620725081,,,,False,WIN_RATE_BELOW_65_PERCENT|WILSON_LOWER_BELOW_GATE|PROFIT_FACTOR_BELOW_1_30|NONPOSITIVE_EPISODE_EXPECTANCY|NONPOSITIVE_REVIEW_RETURN|NOT_ABOVE_BASE_ENV_RETURN
S02_CONFIRMED,stress,review,,-0.05427000000000004,,,0.08582329376198539,0.3170731707317073,41,0.19564613898988575,0.4698419964434429,0.6671075584863558,FINITE,1.3893649328379136,-0.007668889974940232,,,,False,WIN_RATE_BELOW_65_PERCENT|WILSON_LOWER_BELOW_GATE|PROFIT_FACTOR_BELOW_1_30|NONPOSITIVE_EPISODE_EXPECTANCY|NONPOSITIVE_REVIEW_RETURN|NOT_ABOVE_BASE_ENV_RETURN
S02_STRICT,base,review,,-0.02483597999999998,,,0.02483597999999998,0.0,5,0.0,0.43448246478317476,0.0,FINITE,,-0.030028023170575006,,,,False,WIN_RATE_BELOW_65_PERCENT|INSUFFICIENT_TRADES|WILSON_LOWER_BELOW_GATE|PROFIT_FACTOR_BELOW_1_30|PAYOFF_RATIO_BELOW_0_80|NONPOSITIVE_EPISODE_EXPECTANCY|NONPOSITIVE_REVIEW_RETURN|NOT_ABOVE_BASE_ENV_RETURN
S02_STRICT,stress,review,,-0.026751039999999948,,,0.026751039999999948,0.0,5,0.0,0.43448246478317476,0.0,FINITE,,-0.032417407715911,,,,False,WIN_RATE_BELOW_65_PERCENT|INSUFFICIENT_TRADES|WILSON_LOWER_BELOW_GATE|PROFIT_FACTOR_BELOW_1_30|PAYOFF_RATIO_BELOW_0_80|NONPOSITIVE_EPISODE_EXPECTANCY|NONPOSITIVE_REVIEW_RETURN|NOT_ABOVE_BASE_ENV_RETURN
S03_CONFIRMED,base,review,,-0.015224409999999966,,,0.02927806394301069,0.4,5,0.11762077423264783,0.769275718723987,0.3407514122972705,FINITE,0.8875977252606803,-0.006571804450136444,,,,False,WIN_RATE_BELOW_65_PERCENT|INSUFFICIENT_TRADES|WILSON_LOWER_BELOW_GATE|PROFIT_FACTOR_BELOW_1_30|NONPOSITIVE_EPISODE_EXPECTANCY|NONPOSITIVE_REVIEW_RETURN|NOT_ABOVE_BASE_ENV_RETURN
S03_CONFIRMED,stress,review,,-0.01702956,,,0.029957808865487157,0.4,5,0.11762077423264783,0.769275718723987,0.29422618169400033,FINITE,0.7522158605531517,-0.008528133058550701,,,,False,WIN_RATE_BELOW_65_PERCENT|INSUFFICIENT_TRADES|WILSON_LOWER_BELOW_GATE|PROFIT_FACTOR_BELOW_1_30|PAYOFF_RATIO_BELOW_0_80|NONPOSITIVE_EPISODE_EXPECTANCY|NONPOSITIVE_REVIEW_RETURN|NOT_ABOVE_BASE_ENV_RETURN
S03_STRICT,base,review,,0.0,,,-0.0,,0,,,,NO_POSITIVE_OR_NEGATIVE_EPISODES,,,,,,False,WIN_RATE_BELOW_65_PERCENT|INSUFFICIENT_TRADES|WILSON_LOWER_BELOW_GATE|PROFIT_FACTOR_UNDEFINED|PAYOFF_RATIO_UNDEFINED|NONPOSITIVE_EPISODE_EXPECTANCY|NONPOSITIVE_REVIEW_RETURN|NOT_ABOVE_BASE_ENV_RETURN
S03_STRICT,stress,review,,0.0,,,-0.0,,0,,,,NO_POSITIVE_OR_NEGATIVE_EPISODES,,,,,,False,WIN_RATE_BELOW_65_PERCENT|INSUFFICIENT_TRADES|WILSON_LOWER_BELOW_GATE|PROFIT_FACTOR_UNDEFINED|PAYOFF_RATIO_UNDEFINED|NONPOSITIVE_EPISODE_EXPECTANCY|NONPOSITIVE_REVIEW_RETURN
S04_CONFIRMED,base,review,,-0.007309499999999969,,,0.045231408317448984,0.44,25,0.26665638881067344,0.6293266813020123,0.9204019161473197,FINITE,1.0316944768546839,-0.0034826003111068475,,,,False,WIN_RATE_BELOW_65_PERCENT|INSUFFICIENT_TRADES|WILSON_LOWER_BELOW_GATE|PROFIT_FACTOR_BELOW_1_30|NONPOSITIVE_EPISODE_EXPECTANCY|NONPOSITIVE_REVIEW_RETURN|NOT_ABOVE_BASE_ENV_RETURN
S04_CONFIRMED,stress,review,,-0.02081405000000003,,,0.054570852960900695,0.44,25,0.26665638881067344,0.6293266813020123,0.7911670307572881,FINITE,0.8839134127988536,-0.006155475779142237,,,,False,WIN_RATE_BELOW_65_PERCENT|INSUFFICIENT_TRADES|WILSON_LOWER_BELOW_GATE|PROFIT_FACTOR_BELOW_1_30|NONPOSITIVE_EPISODE_EXPECTANCY|NONPOSITIVE_REVIEW_RETURN|NOT_ABOVE_BASE_ENV_RETURN
S04_STRICT,base,review,,0.017922430000000045,,,0.011783110440434674,0.5714285714285714,7,0.2504583645276572,0.8417801447485302,2.3320918513343267,FINITE,1.1001138153079095,0.00534263450841955,,,,False,WIN_RATE_BELOW_65_PERCENT|INSUFFICIENT_TRADES|WILSON_LOWER_BELOW_GATE
S04_STRICT,stress,review,,0.012530759999999974,,,0.011827928602955007,0.5714285714285714,7,0.2504583645276572,0.8417801447485302,1.7432550580391835,FINITE,0.805027065677872,0.001055588872124476,,,,False,WIN_RATE_BELOW_65_PERCENT|INSUFFICIENT_TRADES|WILSON_LOWER_BELOW_GATE
S05_CONFIRMED,base,review,,-0.025529789999999997,,,0.031985851023035194,0.2,5,0.03622410863243014,0.6244653702374747,0.35665626841942527,FINITE,1.4032342053407225,-0.03133062424535572,,,,False,WIN_RATE_BELOW_65_PERCENT|INSUFFICIENT_TRADES|WILSON_LOWER_BELOW_GATE|PROFIT_FACTOR_BELOW_1_30|NONPOSITIVE_EPISODE_EXPECTANCY|NONPOSITIVE_REVIEW_RETURN|NOT_ABOVE_BASE_ENV_RETURN
S05_CONFIRMED,stress,review,,-0.02796202999999997,,,0.033498788877750374,0.2,5,0.03622410863243014,0.6244653702374747,0.3264978794412747,FINITE,1.282420725043382,-0.034300304471745445,,,,False,WIN_RATE_BELOW_65_PERCENT|INSUFFICIENT_TRADES|WILSON_LOWER_BELOW_GATE|PROFIT_FACTOR_BELOW_1_30|NONPOSITIVE_EPISODE_EXPECTANCY|NONPOSITIVE_REVIEW_RETURN|NOT_ABOVE_BASE_ENV_RETURN
S05_STRICT,base,review,,0.0,,,-0.0,,0,,,,NO_POSITIVE_OR_NEGATIVE_EPISODES,,,,,,False,WIN_RATE_BELOW_65_PERCENT|INSUFFICIENT_TRADES|WILSON_LOWER_BELOW_GATE|PROFIT_FACTOR_UNDEFINED|PAYOFF_RATIO_UNDEFINED|NONPOSITIVE_EPISODE_EXPECTANCY|NONPOSITIVE_REVIEW_RETURN|NOT_ABOVE_BASE_ENV_RETURN
S05_STRICT,stress,review,,0.0,,,-0.0,,0,,,,NO_POSITIVE_OR_NEGATIVE_EPISODES,,,,,,False,WIN_RATE_BELOW_65_PERCENT|INSUFFICIENT_TRADES|WILSON_LOWER_BELOW_GATE|PROFIT_FACTOR_UNDEFINED|PAYOFF_RATIO_UNDEFINED|NONPOSITIVE_EPISODE_EXPECTANCY|NONPOSITIVE_REVIEW_RETURN
S06_CONFIRMED,base,review,,0.015783139999999918,,,0.017510293459674142,0.5555555555555556,9,0.26665129349549305,0.8112214789023355,1.6590120126765677,FINITE,1.3261250400122593,0.010491130817654938,,,,False,WIN_RATE_BELOW_65_PERCENT|INSUFFICIENT_TRADES|WILSON_LOWER_BELOW_GATE
S06_CONFIRMED,stress,review,,0.01256491999999998,,,0.017999702149212204,0.4444444444444444,9,0.18877852109766452,0.733348706504507,1.4930631285711986,FINITE,1.8730875558233728,0.008491285518803376,,,,False,WIN_RATE_BELOW_65_PERCENT|INSUFFICIENT_TRADES|WILSON_LOWER_BELOW_GATE
S06_STRICT,base,review,,0.0028229799999999194,,,0.011645497989772102,0.6666666666666666,3,0.2076596008020477,0.9385080552796037,1.4465609972158946,FINITE,0.6886542190537709,0.00504166130273222,,,,False,INSUFFICIENT_TRADES|WILSON_LOWER_BELOW_GATE|PAYOFF_RATIO_BELOW_0_80|NOT_ABOVE_BASE_ENV_RETURN
S06_STRICT,stress,review,,0.0016385899999999953,,,0.011649370032192685,0.6666666666666666,3,0.2076596008020477,0.9385080552796037,1.2474643284321425,FINITE,0.6057549926415456,0.0029575064514256086,,,,False,INSUFFICIENT_TRADES|WILSON_LOWER_BELOW_GATE|PROFIT_FACTOR_BELOW_1_30|PAYOFF_RATIO_BELOW_0_80
S07_CONFIRMED,base,review,,-7.259999999997824e-05,,,0.03373356999999999,0.3333333333333333,9,0.1205838183869109,0.6457978644196036,0.9978722830578631,FINITE,1.1886361566549302,-0.009343903893843495,,,,False,WIN_RATE_BELOW_65_PERCENT|INSUFFICIENT_TRADES|WILSON_LOWER_BELOW_GATE|PROFIT_FACTOR_BELOW_1_30|NONPOSITIVE_EPISODE_EXPECTANCY|NONPOSITIVE_REVIEW_RETURN|NOT_ABOVE_BASE_ENV_RETURN
S07_CONFIRMED,stress,review,,-0.004308450000000019,,,0.03578530999999996,0.3333333333333333,9,0.1205838183869109,0.6457978644196036,0.8817917057063567,FINITE,1.0517996830059422,-0.01166051801065701,,,,False,WIN_RATE_BELOW_65_PERCENT|INSUFFICIENT_TRADES|WILSON_LOWER_BELOW_GATE|PROFIT_FACTOR_BELOW_1_30|NONPOSITIVE_EPISODE_EXPECTANCY|NONPOSITIVE_REVIEW_RETURN
S07_STRICT,base,review,,0.0,,,-0.0,,0,,,,NO_POSITIVE_OR_NEGATIVE_EPISODES,,,,,,False,WIN_RATE_BELOW_65_PERCENT|INSUFFICIENT_TRADES|WILSON_LOWER_BELOW_GATE|PROFIT_FACTOR_UNDEFINED|PAYOFF_RATIO_UNDEFINED|NONPOSITIVE_EPISODE_EXPECTANCY|NONPOSITIVE_REVIEW_RETURN|NOT_ABOVE_BASE_ENV_RETURN
S07_STRICT,stress,review,,0.0,,,-0.0,,0,,,,NO_POSITIVE_OR_NEGATIVE_EPISODES,,,,,,False,WIN_RATE_BELOW_65_PERCENT|INSUFFICIENT_TRADES|WILSON_LOWER_BELOW_GATE|PROFIT_FACTOR_UNDEFINED|PAYOFF_RATIO_UNDEFINED|NONPOSITIVE_EPISODE_EXPECTANCY|NONPOSITIVE_REVIEW_RETURN
S08_CONFIRMED,base,review,,-0.06399677999999998,,,0.08496109900486437,0.2608695652173913,23,0.12548616044986347,0.4647000483742537,0.47795973790302526,FINITE,1.5869600785936804,-0.012094192467903345,,,,False,WIN_RATE_BELOW_65_PERCENT|INSUFFICIENT_TRADES|WILSON_LOWER_BELOW_GATE|PROFIT_FACTOR_BELOW_1_30|NONPOSITIVE_EPISODE_EXPECTANCY|NONPOSITIVE_REVIEW_RETURN|NOT_ABOVE_BASE_ENV_RETURN
S08_CONFIRMED,stress,review,,-0.07312061999999997,,,0.09364835189012843,0.2608695652173913,23,0.12548616044986347,0.4647000483742537,0.43572897996376414,FINITE,1.443490400422603,-0.014285895827342127,,,,False,WIN_RATE_BELOW_65_PERCENT|INSUFFICIENT_TRADES|WILSON_LOWER_BELOW_GATE|PROFIT_FACTOR_BELOW_1_30|NONPOSITIVE_EPISODE_EXPECTANCY|NONPOSITIVE_REVIEW_RETURN|NOT_ABOVE_BASE_ENV_RETURN
S08_STRICT,base,review,,0.0,,,-0.0,,0,,,,NO_POSITIVE_OR_NEGATIVE_EPISODES,,,,,,False,WIN_RATE_BELOW_65_PERCENT|INSUFFICIENT_TRADES|WILSON_LOWER_BELOW_GATE|PROFIT_FACTOR_UNDEFINED|PAYOFF_RATIO_UNDEFINED|NONPOSITIVE_EPISODE_EXPECTANCY|NONPOSITIVE_REVIEW_RETURN|NOT_ABOVE_BASE_ENV_RETURN
S08_STRICT,stress,review,,0.0,,,-0.0,,0,,,,NO_POSITIVE_OR_NEGATIVE_EPISODES,,,,,,False,WIN_RATE_BELOW_65_PERCENT|INSUFFICIENT_TRADES|WILSON_LOWER_BELOW_GATE|PROFIT_FACTOR_UNDEFINED|PAYOFF_RATIO_UNDEFINED|NONPOSITIVE_EPISODE_EXPECTANCY|NONPOSITIVE_REVIEW_RETURN
