policy_id,split,cost,kind,reason,count
BASE_DEF,selection_1,base,signal_blockers,EXISTING_HOLDING,2
BASE_DEF,selection_1,base,signal_blockers,NO_ELIGIBLE_CANDIDATE_DAY,38
BASE_DEF,selection_1,base,signal_blockers,NO_HELD_ASSET_DAY,36
BASE_DEF,selection_1,base,signal_blockers,NO_PLANNED_CAPACITY,87
BASE_DEF,selection_1,base,signal_blockers,SECTOR_ALREADY_ALLOCATED,1
BASE_DEF,selection_1,base,signal_blockers,SETTLEMENT_TAIL,67
BASE_DEF,selection_1,base,OPEN_ASSETS,UNRESOLVED_AT_END,0
BASE_DEF,selection_1,stress,signal_blockers,EXISTING_HOLDING,2
BASE_DEF,selection_1,stress,signal_blockers,NO_ELIGIBLE_CANDIDATE_DAY,38
BASE_DEF,selection_1,stress,signal_blockers,NO_HELD_ASSET_DAY,37
BASE_DEF,selection_1,stress,signal_blockers,NO_PLANNED_CAPACITY,88
BASE_DEF,selection_1,stress,signal_blockers,SETTLEMENT_TAIL,67
BASE_DEF,selection_1,stress,OPEN_ASSETS,UNRESOLVED_AT_END,0
BASE_DEF,selection_2,base,signal_blockers,EXISTING_HOLDING,2
BASE_DEF,selection_2,base,signal_blockers,NO_ELIGIBLE_CANDIDATE_DAY,32
BASE_DEF,selection_2,base,signal_blockers,NO_HELD_ASSET_DAY,37
BASE_DEF,selection_2,base,signal_blockers,NO_PLANNED_CAPACITY,185
BASE_DEF,selection_2,base,signal_blockers,SETTLEMENT_TAIL,56
BASE_DEF,selection_2,base,OPEN_ASSETS,UNRESOLVED_AT_END,0
BASE_DEF,selection_2,stress,signal_blockers,EXISTING_HOLDING,2
BASE_DEF,selection_2,stress,signal_blockers,NO_ELIGIBLE_CANDIDATE_DAY,32
BASE_DEF,selection_2,stress,signal_blockers,NO_HELD_ASSET_DAY,37
BASE_DEF,selection_2,stress,signal_blockers,NO_PLANNED_CAPACITY,185
BASE_DEF,selection_2,stress,signal_blockers,SETTLEMENT_TAIL,56
BASE_DEF,selection_2,stress,OPEN_ASSETS,UNRESOLVED_AT_END,0
BASE_DEF,selection_3,base,signal_blockers,EXISTING_HOLDING,5
BASE_DEF,selection_3,base,signal_blockers,NO_ELIGIBLE_CANDIDATE_DAY,29
BASE_DEF,selection_3,base,signal_blockers,NO_HELD_ASSET_DAY,26
BASE_DEF,selection_3,base,signal_blockers,NO_PLANNED_CAPACITY,144
BASE_DEF,selection_3,base,signal_blockers,SECTOR_ALREADY_ALLOCATED,6
BASE_DEF,selection_3,base,signal_blockers,SETTLEMENT_TAIL,84
BASE_DEF,selection_3,base,OPEN_ASSETS,UNRESOLVED_AT_END,0
BASE_DEF,selection_3,stress,signal_blockers,EXISTING_HOLDING,5
BASE_DEF,selection_3,stress,signal_blockers,NO_ELIGIBLE_CANDIDATE_DAY,29
BASE_DEF,selection_3,stress,signal_blockers,NO_HELD_ASSET_DAY,26
BASE_DEF,selection_3,stress,signal_blockers,NO_PLANNED_CAPACITY,144
BASE_DEF,selection_3,stress,signal_blockers,SECTOR_ALREADY_ALLOCATED,6
BASE_DEF,selection_3,stress,signal_blockers,SETTLEMENT_TAIL,84
BASE_DEF,selection_3,stress,OPEN_ASSETS,UNRESOLVED_AT_END,0
BASE_DEF,selection_4,base,signal_blockers,EXISTING_HOLDING,2
BASE_DEF,selection_4,base,signal_blockers,NO_ELIGIBLE_CANDIDATE_DAY,11
BASE_DEF,selection_4,base,signal_blockers,NO_HELD_ASSET_DAY,13
BASE_DEF,selection_4,base,signal_blockers,NO_PLANNED_CAPACITY,544
BASE_DEF,selection_4,base,signal_blockers,SECTOR_ALREADY_ALLOCATED,2
BASE_DEF,selection_4,base,signal_blockers,SETTLEMENT_TAIL,133
BASE_DEF,selection_4,base,OPEN_ASSETS,UNRESOLVED_AT_END,0
BASE_DEF,selection_4,stress,signal_blockers,EXISTING_HOLDING,2
BASE_DEF,selection_4,stress,signal_blockers,NO_ELIGIBLE_CANDIDATE_DAY,11
BASE_DEF,selection_4,stress,signal_blockers,NO_HELD_ASSET_DAY,13
BASE_DEF,selection_4,stress,signal_blockers,NO_PLANNED_CAPACITY,544
BASE_DEF,selection_4,stress,signal_blockers,SECTOR_ALREADY_ALLOCATED,1
BASE_DEF,selection_4,stress,signal_blockers,SETTLEMENT_TAIL,133
BASE_DEF,selection_4,stress,OPEN_ASSETS,UNRESOLVED_AT_END,0
BASE_DEF,selection_5,base,signal_blockers,EXISTING_HOLDING,4
BASE_DEF,selection_5,base,signal_blockers,NO_ELIGIBLE_CANDIDATE_DAY,38
BASE_DEF,selection_5,base,signal_blockers,NO_HELD_ASSET_DAY,30
BASE_DEF,selection_5,base,signal_blockers,NO_PLANNED_CAPACITY,226
BASE_DEF,selection_5,base,OPEN_ASSETS,UNRESOLVED_AT_END,0
BASE_DEF,selection_5,stress,signal_blockers,EXISTING_HOLDING,4
BASE_DEF,selection_5,stress,signal_blockers,NO_ELIGIBLE_CANDIDATE_DAY,38
BASE_DEF,selection_5,stress,signal_blockers,NO_HELD_ASSET_DAY,30
BASE_DEF,selection_5,stress,signal_blockers,NO_PLANNED_CAPACITY,225
BASE_DEF,selection_5,stress,OPEN_ASSETS,UNRESOLVED_AT_END,0
BASE_DEF,selection_6,base,signal_blockers,EXISTING_HOLDING,4
BASE_DEF,selection_6,base,signal_blockers,NO_ELIGIBLE_CANDIDATE_DAY,29
BASE_DEF,selection_6,base,signal_blockers,NO_HELD_ASSET_DAY,21
BASE_DEF,selection_6,base,signal_blockers,NO_PLANNED_CAPACITY,252
BASE_DEF,selection_6,base,signal_blockers,SECTOR_ALREADY_ALLOCATED,6
BASE_DEF,selection_6,base,OPEN_ASSETS,UNRESOLVED_AT_END,0
BASE_DEF,selection_6,stress,signal_blockers,EXISTING_HOLDING,2
BASE_DEF,selection_6,stress,signal_blockers,NO_ELIGIBLE_CANDIDATE_DAY,29
BASE_DEF,selection_6,stress,signal_blockers,NO_HELD_ASSET_DAY,24
BASE_DEF,selection_6,stress,signal_blockers,NO_PLANNED_CAPACITY,254
BASE_DEF,selection_6,stress,signal_blockers,SECTOR_ALREADY_ALLOCATED,5
BASE_DEF,selection_6,stress,OPEN_ASSETS,UNRESOLVED_AT_END,0
BASE_ENV,selection_1,base,signal_blockers,EXISTING_HOLDING,4
BASE_ENV,selection_1,base,signal_blockers,NO_ELIGIBLE_CANDIDATE_DAY,38
BASE_ENV,selection_1,base,signal_blockers,NO_HELD_ASSET_DAY,38
BASE_ENV,selection_1,base,signal_blockers,NO_PLANNED_CAPACITY,172
BASE_ENV,selection_1,base,signal_blockers,SETTLEMENT_TAIL,216
BASE_ENV,selection_1,base,OPEN_ASSETS,UNRESOLVED_AT_END,0
BASE_ENV,selection_1,stress,signal_blockers,EXISTING_HOLDING,4
BASE_ENV,selection_1,stress,signal_blockers,NO_ELIGIBLE_CANDIDATE_DAY,38
BASE_ENV,selection_1,stress,signal_blockers,NO_HELD_ASSET_DAY,38
BASE_ENV,selection_1,stress,signal_blockers,NO_PLANNED_CAPACITY,173
BASE_ENV,selection_1,stress,signal_blockers,SETTLEMENT_TAIL,216
BASE_ENV,selection_1,stress,OPEN_ASSETS,UNRESOLVED_AT_END,0
BASE_ENV,selection_2,base,signal_blockers,EXISTING_HOLDING,4
BASE_ENV,selection_2,base,signal_blockers,NO_ELIGIBLE_CANDIDATE_DAY,32
BASE_ENV,selection_2,base,signal_blockers,NO_HELD_ASSET_DAY,39
BASE_ENV,selection_2,base,signal_blockers,NO_PLANNED_CAPACITY,753
BASE_ENV,selection_2,base,signal_blockers,SETTLEMENT_TAIL,101
BASE_ENV,selection_2,base,OPEN_ASSETS,UNRESOLVED_AT_END,0
BASE_ENV,selection_2,stress,signal_blockers,EXISTING_HOLDING,4
BASE_ENV,selection_2,stress,signal_blockers,NO_ELIGIBLE_CANDIDATE_DAY,32
BASE_ENV,selection_2,stress,signal_blockers,NO_HELD_ASSET_DAY,39
BASE_ENV,selection_2,stress,signal_blockers,NO_PLANNED_CAPACITY,753
BASE_ENV,selection_2,stress,signal_blockers,SETTLEMENT_TAIL,101
BASE_ENV,selection_2,stress,OPEN_ASSETS,UNRESOLVED_AT_END,0
BASE_ENV,selection_3,base,signal_blockers,EXISTING_HOLDING,9
BASE_ENV,selection_3,base,signal_blockers,NO_ELIGIBLE_CANDIDATE_DAY,29
BASE_ENV,selection_3,base,signal_blockers,NO_HELD_ASSET_DAY,26
BASE_ENV,selection_3,base,signal_blockers,NO_PLANNED_CAPACITY,292
BASE_ENV,selection_3,base,signal_blockers,SETTLEMENT_TAIL,183
BASE_ENV,selection_3,base,OPEN_ASSETS,UNRESOLVED_AT_END,0
BASE_ENV,selection_3,stress,signal_blockers,EXISTING_HOLDING,9
BASE_ENV,selection_3,stress,signal_blockers,NO_ELIGIBLE_CANDIDATE_DAY,29
BASE_ENV,selection_3,stress,signal_blockers,NO_HELD_ASSET_DAY,26
BASE_ENV,selection_3,stress,signal_blockers,NO_PLANNED_CAPACITY,293
BASE_ENV,selection_3,stress,signal_blockers,SETTLEMENT_TAIL,183
BASE_ENV,selection_3,stress,OPEN_ASSETS,UNRESOLVED_AT_END,0
BASE_ENV,selection_4,base,signal_blockers,EXISTING_HOLDING,6
BASE_ENV,selection_4,base,signal_blockers,NO_ELIGIBLE_CANDIDATE_DAY,11
BASE_ENV,selection_4,base,signal_blockers,NO_HELD_ASSET_DAY,13
BASE_ENV,selection_4,base,signal_blockers,NO_PLANNED_CAPACITY,1864
BASE_ENV,selection_4,base,signal_blockers,SETTLEMENT_TAIL,414
BASE_ENV,selection_4,base,OPEN_ASSETS,UNRESOLVED_AT_END,0
BASE_ENV,selection_4,stress,signal_blockers,EXISTING_HOLDING,6
BASE_ENV,selection_4,stress,signal_blockers,NO_ELIGIBLE_CANDIDATE_DAY,11
BASE_ENV,selection_4,stress,signal_blockers,NO_HELD_ASSET_DAY,13
BASE_ENV,selection_4,stress,signal_blockers,NO_PLANNED_CAPACITY,1864
BASE_ENV,selection_4,stress,signal_blockers,SETTLEMENT_TAIL,414
BASE_ENV,selection_4,stress,OPEN_ASSETS,UNRESOLVED_AT_END,0
BASE_ENV,selection_5,base,signal_blockers,EXISTING_HOLDING,6
BASE_ENV,selection_5,base,signal_blockers,NO_ELIGIBLE_CANDIDATE_DAY,38
BASE_ENV,selection_5,base,signal_blockers,NO_HELD_ASSET_DAY,31
BASE_ENV,selection_5,base,signal_blockers,NO_PLANNED_CAPACITY,741
BASE_ENV,selection_5,base,OPEN_ASSETS,UNRESOLVED_AT_END,0
BASE_ENV,selection_5,stress,signal_blockers,EXISTING_HOLDING,6
BASE_ENV,selection_5,stress,signal_blockers,NO_ELIGIBLE_CANDIDATE_DAY,38
BASE_ENV,selection_5,stress,signal_blockers,NO_HELD_ASSET_DAY,31
BASE_ENV,selection_5,stress,signal_blockers,NO_PLANNED_CAPACITY,741
BASE_ENV,selection_5,stress,OPEN_ASSETS,UNRESOLVED_AT_END,0
BASE_ENV,selection_6,base,signal_blockers,EXISTING_HOLDING,9
BASE_ENV,selection_6,base,signal_blockers,NO_ELIGIBLE_CANDIDATE_DAY,29
BASE_ENV,selection_6,base,signal_blockers,NO_HELD_ASSET_DAY,21
BASE_ENV,selection_6,base,signal_blockers,NO_PLANNED_CAPACITY,573
BASE_ENV,selection_6,base,OPEN_ASSETS,UNRESOLVED_AT_END,0
BASE_ENV,selection_6,stress,signal_blockers,EXISTING_HOLDING,8
BASE_ENV,selection_6,stress,signal_blockers,NO_ELIGIBLE_CANDIDATE_DAY,29
BASE_ENV,selection_6,stress,signal_blockers,NO_HELD_ASSET_DAY,19
BASE_ENV,selection_6,stress,signal_blockers,NO_PLANNED_CAPACITY,573
BASE_ENV,selection_6,stress,OPEN_ASSETS,UNRESOLVED_AT_END,0
S01_CONFIRMED,selection_1,base,signal_blockers,NO_ELIGIBLE_CANDIDATE_DAY,52
S01_CONFIRMED,selection_1,base,signal_blockers,NO_HELD_ASSET_DAY,51
S01_CONFIRMED,selection_1,base,signal_blockers,NO_PLANNED_CAPACITY,16
S01_CONFIRMED,selection_1,base,signal_blockers,SETTLEMENT_TAIL,28
S01_CONFIRMED,selection_1,base,OPEN_ASSETS,UNRESOLVED_AT_END,0
S01_CONFIRMED,selection_1,stress,signal_blockers,NO_ELIGIBLE_CANDIDATE_DAY,52
S01_CONFIRMED,selection_1,stress,signal_blockers,NO_HELD_ASSET_DAY,51
S01_CONFIRMED,selection_1,stress,signal_blockers,NO_PLANNED_CAPACITY,16
S01_CONFIRMED,selection_1,stress,signal_blockers,SETTLEMENT_TAIL,28
S01_CONFIRMED,selection_1,stress,OPEN_ASSETS,UNRESOLVED_AT_END,0
S01_CONFIRMED,selection_2,base,signal_blockers,EXISTING_HOLDING,1
S01_CONFIRMED,selection_2,base,signal_blockers,NO_ELIGIBLE_CANDIDATE_DAY,46
S01_CONFIRMED,selection_2,base,signal_blockers,NO_HELD_ASSET_DAY,44
S01_CONFIRMED,selection_2,base,signal_blockers,NO_PLANNED_CAPACITY,22
S01_CONFIRMED,selection_2,base,signal_blockers,SETTLEMENT_TAIL,14
S01_CONFIRMED,selection_2,base,OPEN_ASSETS,UNRESOLVED_AT_END,0
S01_CONFIRMED,selection_2,stress,signal_blockers,EXISTING_HOLDING,1
S01_CONFIRMED,selection_2,stress,signal_blockers,NO_ELIGIBLE_CANDIDATE_DAY,46
S01_CONFIRMED,selection_2,stress,signal_blockers,NO_HELD_ASSET_DAY,44
S01_CONFIRMED,selection_2,stress,signal_blockers,NO_PLANNED_CAPACITY,22
S01_CONFIRMED,selection_2,stress,signal_blockers,SETTLEMENT_TAIL,14
S01_CONFIRMED,selection_2,stress,OPEN_ASSETS,UNRESOLVED_AT_END,0
S01_CONFIRMED,selection_3,base,signal_blockers,NO_ELIGIBLE_CANDIDATE_DAY,28
S01_CONFIRMED,selection_3,base,signal_blockers,NO_HELD_ASSET_DAY,26
S01_CONFIRMED,selection_3,base,signal_blockers,NO_PLANNED_CAPACITY,63
S01_CONFIRMED,selection_3,base,signal_blockers,SETTLEMENT_TAIL,47
S01_CONFIRMED,selection_3,base,OPEN_ASSETS,UNRESOLVED_AT_END,0
S01_CONFIRMED,selection_3,stress,signal_blockers,NO_ELIGIBLE_CANDIDATE_DAY,28
S01_CONFIRMED,selection_3,stress,signal_blockers,NO_HELD_ASSET_DAY,26
S01_CONFIRMED,selection_3,stress,signal_blockers,NO_PLANNED_CAPACITY,63
S01_CONFIRMED,selection_3,stress,signal_blockers,SETTLEMENT_TAIL,47
S01_CONFIRMED,selection_3,stress,OPEN_ASSETS,UNRESOLVED_AT_END,0
S01_CONFIRMED,selection_4,base,signal_blockers,EXISTING_HOLDING,1
S01_CONFIRMED,selection_4,base,signal_blockers,NO_ELIGIBLE_CANDIDATE_DAY,21
S01_CONFIRMED,selection_4,base,signal_blockers,NO_HELD_ASSET_DAY,15
S01_CONFIRMED,selection_4,base,signal_blockers,NO_PLANNED_CAPACITY,179
S01_CONFIRMED,selection_4,base,signal_blockers,SETTLEMENT_TAIL,11
S01_CONFIRMED,selection_4,base,OPEN_ASSETS,UNRESOLVED_AT_END,0
S01_CONFIRMED,selection_4,stress,signal_blockers,EXISTING_HOLDING,1
S01_CONFIRMED,selection_4,stress,signal_blockers,NO_ELIGIBLE_CANDIDATE_DAY,21
S01_CONFIRMED,selection_4,stress,signal_blockers,NO_HELD_ASSET_DAY,15
S01_CONFIRMED,selection_4,stress,signal_blockers,NO_PLANNED_CAPACITY,179
S01_CONFIRMED,selection_4,stress,signal_blockers,SETTLEMENT_TAIL,11
S01_CONFIRMED,selection_4,stress,OPEN_ASSETS,UNRESOLVED_AT_END,0
S01_CONFIRMED,selection_5,base,signal_blockers,EXISTING_HOLDING,3
S01_CONFIRMED,selection_5,base,signal_blockers,NO_ELIGIBLE_CANDIDATE_DAY,43
S01_CONFIRMED,selection_5,base,signal_blockers,NO_HELD_ASSET_DAY,26
S01_CONFIRMED,selection_5,base,signal_blockers,NO_PLANNED_CAPACITY,34
S01_CONFIRMED,selection_5,base,OPEN_ASSETS,UNRESOLVED_AT_END,0
S01_CONFIRMED,selection_5,stress,signal_blockers,EXISTING_HOLDING,3
S01_CONFIRMED,selection_5,stress,signal_blockers,NO_ELIGIBLE_CANDIDATE_DAY,43
S01_CONFIRMED,selection_5,stress,signal_blockers,NO_HELD_ASSET_DAY,26
S01_CONFIRMED,selection_5,stress,signal_blockers,NO_PLANNED_CAPACITY,34
S01_CONFIRMED,selection_5,stress,OPEN_ASSETS,UNRESOLVED_AT_END,0
S01_CONFIRMED,selection_6,base,signal_blockers,EXISTING_HOLDING,4
S01_CONFIRMED,selection_6,base,signal_blockers,NO_ELIGIBLE_CANDIDATE_DAY,34
S01_CONFIRMED,selection_6,base,signal_blockers,NO_HELD_ASSET_DAY,18
S01_CONFIRMED,selection_6,base,signal_blockers,NO_PLANNED_CAPACITY,50
S01_CONFIRMED,selection_6,base,signal_blockers,SETTLEMENT_TAIL,1
S01_CONFIRMED,selection_6,base,OPEN_ASSETS,UNRESOLVED_AT_END,0
S01_CONFIRMED,selection_6,stress,signal_blockers,EXISTING_HOLDING,4
S01_CONFIRMED,selection_6,stress,signal_blockers,NO_ELIGIBLE_CANDIDATE_DAY,34
S01_CONFIRMED,selection_6,stress,signal_blockers,NO_HELD_ASSET_DAY,18
S01_CONFIRMED,selection_6,stress,signal_blockers,NO_PLANNED_CAPACITY,50
S01_CONFIRMED,selection_6,stress,signal_blockers,SETTLEMENT_TAIL,1
S01_CONFIRMED,selection_6,stress,OPEN_ASSETS,UNRESOLVED_AT_END,0
S01_STRICT,selection_1,base,signal_blockers,NO_ELIGIBLE_CANDIDATE_DAY,61
S01_STRICT,selection_1,base,signal_blockers,NO_HELD_ASSET_DAY,59
S01_STRICT,selection_1,base,OPEN_ASSETS,UNRESOLVED_AT_END,0
S01_STRICT,selection_1,stress,signal_blockers,NO_ELIGIBLE_CANDIDATE_DAY,61
S01_STRICT,selection_1,stress,signal_blockers,NO_HELD_ASSET_DAY,59
S01_STRICT,selection_1,stress,OPEN_ASSETS,UNRESOLVED_AT_END,0
S01_STRICT,selection_2,base,signal_blockers,EXISTING_HOLDING,1
S01_STRICT,selection_2,base,signal_blockers,NO_ELIGIBLE_CANDIDATE_DAY,60
S01_STRICT,selection_2,base,signal_blockers,NO_HELD_ASSET_DAY,60
S01_STRICT,selection_2,base,OPEN_ASSETS,UNRESOLVED_AT_END,0
S01_STRICT,selection_2,stress,signal_blockers,EXISTING_HOLDING,1
S01_STRICT,selection_2,stress,signal_blockers,NO_ELIGIBLE_CANDIDATE_DAY,60
S01_STRICT,selection_2,stress,signal_blockers,NO_HELD_ASSET_DAY,60
S01_STRICT,selection_2,stress,OPEN_ASSETS,UNRESOLVED_AT_END,0
S01_STRICT,selection_3,base,signal_blockers,NO_ELIGIBLE_CANDIDATE_DAY,58
S01_STRICT,selection_3,base,signal_blockers,NO_HELD_ASSET_DAY,52
S01_STRICT,selection_3,base,signal_blockers,SETTLEMENT_TAIL,1
S01_STRICT,selection_3,base,OPEN_ASSETS,UNRESOLVED_AT_END,0
S01_STRICT,selection_3,stress,signal_blockers,NO_ELIGIBLE_CANDIDATE_DAY,58
S01_STRICT,selection_3,stress,signal_blockers,NO_HELD_ASSET_DAY,52
S01_STRICT,selection_3,stress,signal_blockers,SETTLEMENT_TAIL,1
S01_STRICT,selection_3,stress,OPEN_ASSETS,UNRESOLVED_AT_END,0
S01_STRICT,selection_4,base,signal_blockers,NO_ELIGIBLE_CANDIDATE_DAY,53
S01_STRICT,selection_4,base,signal_blockers,NO_HELD_ASSET_DAY,37
S01_STRICT,selection_4,base,signal_blockers,NO_PLANNED_CAPACITY,4
S01_STRICT,selection_4,base,OPEN_ASSETS,UNRESOLVED_AT_END,0
S01_STRICT,selection_4,stress,signal_blockers,NO_ELIGIBLE_CANDIDATE_DAY,53
S01_STRICT,selection_4,stress,signal_blockers,NO_HELD_ASSET_DAY,37
S01_STRICT,selection_4,stress,signal_blockers,NO_PLANNED_CAPACITY,4
S01_STRICT,selection_4,stress,OPEN_ASSETS,UNRESOLVED_AT_END,0
S01_STRICT,selection_5,base,signal_blockers,NO_ELIGIBLE_CANDIDATE_DAY,61
S01_STRICT,selection_5,base,signal_blockers,NO_HELD_ASSET_DAY,59
S01_STRICT,selection_5,base,OPEN_ASSETS,UNRESOLVED_AT_END,0
S01_STRICT,selection_5,stress,signal_blockers,NO_ELIGIBLE_CANDIDATE_DAY,61
S01_STRICT,selection_5,stress,signal_blockers,NO_HELD_ASSET_DAY,59
S01_STRICT,selection_5,stress,OPEN_ASSETS,UNRESOLVED_AT_END,0
S01_STRICT,selection_6,base,signal_blockers,NO_ELIGIBLE_CANDIDATE_DAY,60
S01_STRICT,selection_6,base,signal_blockers,NO_HELD_ASSET_DAY,53
S01_STRICT,selection_6,base,OPEN_ASSETS,UNRESOLVED_AT_END,0
S01_STRICT,selection_6,stress,signal_blockers,NO_ELIGIBLE_CANDIDATE_DAY,60
S01_STRICT,selection_6,stress,signal_blockers,NO_HELD_ASSET_DAY,53
S01_STRICT,selection_6,stress,OPEN_ASSETS,UNRESOLVED_AT_END,0
S02_CONFIRMED,selection_1,base,signal_blockers,EVENT_ALREADY_CONSUMED,2
S02_CONFIRMED,selection_1,base,signal_blockers,NO_ELIGIBLE_CANDIDATE_DAY,46
S02_CONFIRMED,selection_1,base,signal_blockers,NO_HELD_ASSET_DAY,34
S02_CONFIRMED,selection_1,base,signal_blockers,NO_PLANNED_CAPACITY,26
S02_CONFIRMED,selection_1,base,signal_blockers,SETTLEMENT_TAIL,11
S02_CONFIRMED,selection_1,base,execution_blockers,OPEN_AT_DOWN_LIMIT,1
S02_CONFIRMED,selection_1,base,execution_blockers,SUSPENDED_OR_UNKNOWN,4
S02_CONFIRMED,selection_1,base,OPEN_ASSETS,UNRESOLVED_AT_END,0
S02_CONFIRMED,selection_1,stress,signal_blockers,EVENT_ALREADY_CONSUMED,2
S02_CONFIRMED,selection_1,stress,signal_blockers,NO_ELIGIBLE_CANDIDATE_DAY,46
S02_CONFIRMED,selection_1,stress,signal_blockers,NO_HELD_ASSET_DAY,33
S02_CONFIRMED,selection_1,stress,signal_blockers,NO_PLANNED_CAPACITY,26
S02_CONFIRMED,selection_1,stress,signal_blockers,SETTLEMENT_TAIL,11
S02_CONFIRMED,selection_1,stress,execution_blockers,OPEN_AT_DOWN_LIMIT,1
S02_CONFIRMED,selection_1,stress,execution_blockers,SLIPPED_PRICE_OUTSIDE_LIMIT,1
S02_CONFIRMED,selection_1,stress,execution_blockers,SUSPENDED_OR_UNKNOWN,4
S02_CONFIRMED,selection_1,stress,OPEN_ASSETS,UNRESOLVED_AT_END,0
S02_CONFIRMED,selection_2,base,signal_blockers,EVENT_ALREADY_CONSUMED,16
S02_CONFIRMED,selection_2,base,signal_blockers,NO_ELIGIBLE_CANDIDATE_DAY,36
S02_CONFIRMED,selection_2,base,signal_blockers,NO_HELD_ASSET_DAY,43
S02_CONFIRMED,selection_2,base,signal_blockers,NO_PLANNED_CAPACITY,96
S02_CONFIRMED,selection_2,base,signal_blockers,SETTLEMENT_TAIL,80
S02_CONFIRMED,selection_2,base,execution_blockers,OPEN_AT_UP_LIMIT,1
S02_CONFIRMED,selection_2,base,OPEN_ASSETS,UNRESOLVED_AT_END,0
S02_CONFIRMED,selection_2,stress,signal_blockers,EVENT_ALREADY_CONSUMED,16
S02_CONFIRMED,selection_2,stress,signal_blockers,NO_ELIGIBLE_CANDIDATE_DAY,36
S02_CONFIRMED,selection_2,stress,signal_blockers,NO_HELD_ASSET_DAY,43
S02_CONFIRMED,selection_2,stress,signal_blockers,NO_PLANNED_CAPACITY,96
S02_CONFIRMED,selection_2,stress,signal_blockers,SETTLEMENT_TAIL,80
S02_CONFIRMED,selection_2,stress,execution_blockers,OPEN_AT_UP_LIMIT,1
S02_CONFIRMED,selection_2,stress,OPEN_ASSETS,UNRESOLVED_AT_END,0
S02_CONFIRMED,selection_3,base,signal_blockers,EVENT_ALREADY_CONSUMED,46
S02_CONFIRMED,selection_3,base,signal_blockers,EXISTING_HOLDING,2
S02_CONFIRMED,selection_3,base,signal_blockers,NO_ELIGIBLE_CANDIDATE_DAY,23
S02_CONFIRMED,selection_3,base,signal_blockers,NO_HELD_ASSET_DAY,24
S02_CONFIRMED,selection_3,base,signal_blockers,NO_PLANNED_CAPACITY,203
S02_CONFIRMED,selection_3,base,signal_blockers,SETTLEMENT_TAIL,66
S02_CONFIRMED,selection_3,base,OPEN_ASSETS,UNRESOLVED_AT_END,0
S02_CONFIRMED,selection_3,stress,signal_blockers,EVENT_ALREADY_CONSUMED,46
S02_CONFIRMED,selection_3,stress,signal_blockers,EXISTING_HOLDING,2
S02_CONFIRMED,selection_3,stress,signal_blockers,NO_ELIGIBLE_CANDIDATE_DAY,23
S02_CONFIRMED,selection_3,stress,signal_blockers,NO_HELD_ASSET_DAY,24
S02_CONFIRMED,selection_3,stress,signal_blockers,NO_PLANNED_CAPACITY,203
S02_CONFIRMED,selection_3,stress,signal_blockers,SETTLEMENT_TAIL,66
S02_CONFIRMED,selection_3,stress,OPEN_ASSETS,UNRESOLVED_AT_END,0
S02_CONFIRMED,selection_4,base,signal_blockers,EVENT_ALREADY_CONSUMED,140
S02_CONFIRMED,selection_4,base,signal_blockers,EXISTING_HOLDING,5
S02_CONFIRMED,selection_4,base,signal_blockers,NO_ELIGIBLE_CANDIDATE_DAY,8
S02_CONFIRMED,selection_4,base,signal_blockers,NO_HELD_ASSET_DAY,11
S02_CONFIRMED,selection_4,base,signal_blockers,NO_PLANNED_CAPACITY,630
S02_CONFIRMED,selection_4,base,signal_blockers,SETTLEMENT_TAIL,158
S02_CONFIRMED,selection_4,base,execution_blockers,USER_MIN_PRICE_AT_OPEN,1
S02_CONFIRMED,selection_4,base,OPEN_ASSETS,UNRESOLVED_AT_END,0
S02_CONFIRMED,selection_4,stress,signal_blockers,EVENT_ALREADY_CONSUMED,140
S02_CONFIRMED,selection_4,stress,signal_blockers,EXISTING_HOLDING,5
S02_CONFIRMED,selection_4,stress,signal_blockers,NO_ELIGIBLE_CANDIDATE_DAY,8
S02_CONFIRMED,selection_4,stress,signal_blockers,NO_HELD_ASSET_DAY,11
S02_CONFIRMED,selection_4,stress,signal_blockers,NO_PLANNED_CAPACITY,629
S02_CONFIRMED,selection_4,stress,signal_blockers,SETTLEMENT_TAIL,158
S02_CONFIRMED,selection_4,stress,OPEN_ASSETS,UNRESOLVED_AT_END,0
S02_CONFIRMED,selection_5,base,signal_blockers,EVENT_ALREADY_CONSUMED,47
S02_CONFIRMED,selection_5,base,signal_blockers,EXISTING_HOLDING,1
S02_CONFIRMED,selection_5,base,signal_blockers,NO_ELIGIBLE_CANDIDATE_DAY,31
S02_CONFIRMED,selection_5,base,signal_blockers,NO_HELD_ASSET_DAY,24
S02_CONFIRMED,selection_5,base,signal_blockers,NO_PLANNED_CAPACITY,219
S02_CONFIRMED,selection_5,base,OPEN_ASSETS,UNRESOLVED_AT_END,0
S02_CONFIRMED,selection_5,stress,signal_blockers,EVENT_ALREADY_CONSUMED,47
S02_CONFIRMED,selection_5,stress,signal_blockers,EXISTING_HOLDING,1
S02_CONFIRMED,selection_5,stress,signal_blockers,NO_ELIGIBLE_CANDIDATE_DAY,31
S02_CONFIRMED,selection_5,stress,signal_blockers,NO_HELD_ASSET_DAY,24
S02_CONFIRMED,selection_5,stress,signal_blockers,NO_PLANNED_CAPACITY,218
S02_CONFIRMED,selection_5,stress,OPEN_ASSETS,UNRESOLVED_AT_END,0
S02_CONFIRMED,selection_6,base,signal_blockers,EVENT_ALREADY_CONSUMED,89
S02_CONFIRMED,selection_6,base,signal_blockers,EXISTING_HOLDING,1
S02_CONFIRMED,selection_6,base,signal_blockers,NO_ELIGIBLE_CANDIDATE_DAY,22
S02_CONFIRMED,selection_6,base,signal_blockers,NO_HELD_ASSET_DAY,16
S02_CONFIRMED,selection_6,base,signal_blockers,NO_PLANNED_CAPACITY,455
S02_CONFIRMED,selection_6,base,signal_blockers,SETTLEMENT_TAIL,39
S02_CONFIRMED,selection_6,base,OPEN_ASSETS,UNRESOLVED_AT_END,0
S02_CONFIRMED,selection_6,stress,signal_blockers,EVENT_ALREADY_CONSUMED,89
S02_CONFIRMED,selection_6,stress,signal_blockers,EXISTING_HOLDING,1
S02_CONFIRMED,selection_6,stress,signal_blockers,NO_ELIGIBLE_CANDIDATE_DAY,22
S02_CONFIRMED,selection_6,stress,signal_blockers,NO_HELD_ASSET_DAY,16
S02_CONFIRMED,selection_6,stress,signal_blockers,NO_PLANNED_CAPACITY,455
S02_CONFIRMED,selection_6,stress,signal_blockers,SETTLEMENT_TAIL,39
S02_CONFIRMED,selection_6,stress,OPEN_ASSETS,UNRESOLVED_AT_END,0
S02_STRICT,selection_1,base,signal_blockers,NO_ELIGIBLE_CANDIDATE_DAY,62
S02_STRICT,selection_1,base,signal_blockers,NO_HELD_ASSET_DAY,62
S02_STRICT,selection_1,base,OPEN_ASSETS,UNRESOLVED_AT_END,0
S02_STRICT,selection_1,stress,signal_blockers,NO_ELIGIBLE_CANDIDATE_DAY,62
S02_STRICT,selection_1,stress,signal_blockers,NO_HELD_ASSET_DAY,62
S02_STRICT,selection_1,stress,OPEN_ASSETS,UNRESOLVED_AT_END,0
S02_STRICT,selection_2,base,signal_blockers,NO_ELIGIBLE_CANDIDATE_DAY,62
S02_STRICT,selection_2,base,signal_blockers,NO_HELD_ASSET_DAY,62
S02_STRICT,selection_2,base,OPEN_ASSETS,UNRESOLVED_AT_END,0
S02_STRICT,selection_2,stress,signal_blockers,NO_ELIGIBLE_CANDIDATE_DAY,62
S02_STRICT,selection_2,stress,signal_blockers,NO_HELD_ASSET_DAY,62
S02_STRICT,selection_2,stress,OPEN_ASSETS,UNRESOLVED_AT_END,0
S02_STRICT,selection_3,base,signal_blockers,NO_ELIGIBLE_CANDIDATE_DAY,60
S02_STRICT,selection_3,base,signal_blockers,NO_HELD_ASSET_DAY,58
S02_STRICT,selection_3,base,signal_blockers,SETTLEMENT_TAIL,1
S02_STRICT,selection_3,base,OPEN_ASSETS,UNRESOLVED_AT_END,0
S02_STRICT,selection_3,stress,signal_blockers,NO_ELIGIBLE_CANDIDATE_DAY,60
S02_STRICT,selection_3,stress,signal_blockers,NO_HELD_ASSET_DAY,58
S02_STRICT,selection_3,stress,signal_blockers,SETTLEMENT_TAIL,1
S02_STRICT,selection_3,stress,OPEN_ASSETS,UNRESOLVED_AT_END,0
S02_STRICT,selection_4,base,signal_blockers,NO_ELIGIBLE_CANDIDATE_DAY,57
S02_STRICT,selection_4,base,signal_blockers,NO_HELD_ASSET_DAY,41
S02_STRICT,selection_4,base,OPEN_ASSETS,UNRESOLVED_AT_END,0
S02_STRICT,selection_4,stress,signal_blockers,NO_ELIGIBLE_CANDIDATE_DAY,57
S02_STRICT,selection_4,stress,signal_blockers,NO_HELD_ASSET_DAY,45
S02_STRICT,selection_4,stress,OPEN_ASSETS,UNRESOLVED_AT_END,0
S02_STRICT,selection_5,base,signal_blockers,NO_ELIGIBLE_CANDIDATE_DAY,61
S02_STRICT,selection_5,base,signal_blockers,NO_HELD_ASSET_DAY,59
S02_STRICT,selection_5,base,OPEN_ASSETS,UNRESOLVED_AT_END,0
S02_STRICT,selection_5,stress,signal_blockers,NO_ELIGIBLE_CANDIDATE_DAY,61
S02_STRICT,selection_5,stress,signal_blockers,NO_HELD_ASSET_DAY,59
S02_STRICT,selection_5,stress,OPEN_ASSETS,UNRESOLVED_AT_END,0
S02_STRICT,selection_6,base,signal_blockers,EVENT_ALREADY_CONSUMED,1
S02_STRICT,selection_6,base,signal_blockers,NO_ELIGIBLE_CANDIDATE_DAY,58
S02_STRICT,selection_6,base,signal_blockers,NO_HELD_ASSET_DAY,53
S02_STRICT,selection_6,base,OPEN_ASSETS,UNRESOLVED_AT_END,0
S02_STRICT,selection_6,stress,signal_blockers,EVENT_ALREADY_CONSUMED,1
S02_STRICT,selection_6,stress,signal_blockers,NO_ELIGIBLE_CANDIDATE_DAY,58
S02_STRICT,selection_6,stress,signal_blockers,NO_HELD_ASSET_DAY,53
S02_STRICT,selection_6,stress,OPEN_ASSETS,UNRESOLVED_AT_END,0
S03_CONFIRMED,selection_1,base,signal_blockers,NO_ELIGIBLE_CANDIDATE_DAY,61
S03_CONFIRMED,selection_1,base,signal_blockers,NO_HELD_ASSET_DAY,62
S03_CONFIRMED,selection_1,base,signal_blockers,SETTLEMENT_TAIL,1
S03_CONFIRMED,selection_1,base,OPEN_ASSETS,UNRESOLVED_AT_END,0
S03_CONFIRMED,selection_1,stress,signal_blockers,NO_ELIGIBLE_CANDIDATE_DAY,61
S03_CONFIRMED,selection_1,stress,signal_blockers,NO_HELD_ASSET_DAY,62
S03_CONFIRMED,selection_1,stress,signal_blockers,SETTLEMENT_TAIL,1
S03_CONFIRMED,selection_1,stress,OPEN_ASSETS,UNRESOLVED_AT_END,0
S03_CONFIRMED,selection_2,base,signal_blockers,NO_ELIGIBLE_CANDIDATE_DAY,58
S03_CONFIRMED,selection_2,base,signal_blockers,NO_HELD_ASSET_DAY,54
S03_CONFIRMED,selection_2,base,signal_blockers,SETTLEMENT_TAIL,2
S03_CONFIRMED,selection_2,base,OPEN_ASSETS,UNRESOLVED_AT_END,0
S03_CONFIRMED,selection_2,stress,signal_blockers,NO_ELIGIBLE_CANDIDATE_DAY,58
S03_CONFIRMED,selection_2,stress,signal_blockers,NO_HELD_ASSET_DAY,54
S03_CONFIRMED,selection_2,stress,signal_blockers,SETTLEMENT_TAIL,2
S03_CONFIRMED,selection_2,stress,OPEN_ASSETS,UNRESOLVED_AT_END,0
S03_CONFIRMED,selection_3,base,signal_blockers,NO_ELIGIBLE_CANDIDATE_DAY,59
S03_CONFIRMED,selection_3,base,signal_blockers,NO_HELD_ASSET_DAY,53
S03_CONFIRMED,selection_3,base,signal_blockers,SETTLEMENT_TAIL,2
S03_CONFIRMED,selection_3,base,OPEN_ASSETS,UNRESOLVED_AT_END,0
S03_CONFIRMED,selection_3,stress,signal_blockers,NO_ELIGIBLE_CANDIDATE_DAY,59
S03_CONFIRMED,selection_3,stress,signal_blockers,NO_HELD_ASSET_DAY,52
S03_CONFIRMED,selection_3,stress,signal_blockers,SETTLEMENT_TAIL,2
S03_CONFIRMED,selection_3,stress,OPEN_ASSETS,UNRESOLVED_AT_END,0
S03_CONFIRMED,selection_4,base,signal_blockers,NO_ELIGIBLE_CANDIDATE_DAY,54
S03_CONFIRMED,selection_4,base,signal_blockers,NO_HELD_ASSET_DAY,37
S03_CONFIRMED,selection_4,base,signal_blockers,SETTLEMENT_TAIL,6
S03_CONFIRMED,selection_4,base,OPEN_ASSETS,UNRESOLVED_AT_END,0
S03_CONFIRMED,selection_4,stress,signal_blockers,NO_ELIGIBLE_CANDIDATE_DAY,54
S03_CONFIRMED,selection_4,stress,signal_blockers,NO_HELD_ASSET_DAY,37
S03_CONFIRMED,selection_4,stress,signal_blockers,SETTLEMENT_TAIL,6
S03_CONFIRMED,selection_4,stress,OPEN_ASSETS,UNRESOLVED_AT_END,0
S03_CONFIRMED,selection_5,base,signal_blockers,NO_ELIGIBLE_CANDIDATE_DAY,59
S03_CONFIRMED,selection_5,base,signal_blockers,NO_HELD_ASSET_DAY,50
S03_CONFIRMED,selection_5,base,OPEN_ASSETS,UNRESOLVED_AT_END,0
S03_CONFIRMED,selection_5,stress,signal_blockers,NO_ELIGIBLE_CANDIDATE_DAY,59
S03_CONFIRMED,selection_5,stress,signal_blockers,NO_HELD_ASSET_DAY,50
S03_CONFIRMED,selection_5,stress,OPEN_ASSETS,UNRESOLVED_AT_END,0
S03_CONFIRMED,selection_6,base,signal_blockers,NO_ELIGIBLE_CANDIDATE_DAY,52
S03_CONFIRMED,selection_6,base,signal_blockers,NO_HELD_ASSET_DAY,37
S03_CONFIRMED,selection_6,base,signal_blockers,NO_PLANNED_CAPACITY,1
S03_CONFIRMED,selection_6,base,signal_blockers,SETTLEMENT_TAIL,4
S03_CONFIRMED,selection_6,base,OPEN_ASSETS,UNRESOLVED_AT_END,0
S03_CONFIRMED,selection_6,stress,signal_blockers,NO_ELIGIBLE_CANDIDATE_DAY,52
S03_CONFIRMED,selection_6,stress,signal_blockers,NO_HELD_ASSET_DAY,37
S03_CONFIRMED,selection_6,stress,signal_blockers,NO_PLANNED_CAPACITY,1
S03_CONFIRMED,selection_6,stress,signal_blockers,SETTLEMENT_TAIL,4
S03_CONFIRMED,selection_6,stress,OPEN_ASSETS,UNRESOLVED_AT_END,0
S03_STRICT,selection_1,base,signal_blockers,NO_ELIGIBLE_CANDIDATE_DAY,62
S03_STRICT,selection_1,base,signal_blockers,NO_HELD_ASSET_DAY,62
S03_STRICT,selection_1,base,OPEN_ASSETS,UNRESOLVED_AT_END,0
S03_STRICT,selection_1,stress,signal_blockers,NO_ELIGIBLE_CANDIDATE_DAY,62
S03_STRICT,selection_1,stress,signal_blockers,NO_HELD_ASSET_DAY,62
S03_STRICT,selection_1,stress,OPEN_ASSETS,UNRESOLVED_AT_END,0
S03_STRICT,selection_2,base,signal_blockers,NO_ELIGIBLE_CANDIDATE_DAY,62
S03_STRICT,selection_2,base,signal_blockers,NO_HELD_ASSET_DAY,62
S03_STRICT,selection_2,base,OPEN_ASSETS,UNRESOLVED_AT_END,0
S03_STRICT,selection_2,stress,signal_blockers,NO_ELIGIBLE_CANDIDATE_DAY,62
S03_STRICT,selection_2,stress,signal_blockers,NO_HELD_ASSET_DAY,62
S03_STRICT,selection_2,stress,OPEN_ASSETS,UNRESOLVED_AT_END,0
S03_STRICT,selection_3,base,signal_blockers,NO_ELIGIBLE_CANDIDATE_DAY,62
S03_STRICT,selection_3,base,signal_blockers,NO_HELD_ASSET_DAY,62
S03_STRICT,selection_3,base,OPEN_ASSETS,UNRESOLVED_AT_END,0
S03_STRICT,selection_3,stress,signal_blockers,NO_ELIGIBLE_CANDIDATE_DAY,62
S03_STRICT,selection_3,stress,signal_blockers,NO_HELD_ASSET_DAY,62
S03_STRICT,selection_3,stress,OPEN_ASSETS,UNRESOLVED_AT_END,0
S03_STRICT,selection_4,base,signal_blockers,NO_ELIGIBLE_CANDIDATE_DAY,62
S03_STRICT,selection_4,base,signal_blockers,NO_HELD_ASSET_DAY,62
S03_STRICT,selection_4,base,OPEN_ASSETS,UNRESOLVED_AT_END,0
S03_STRICT,selection_4,stress,signal_blockers,NO_ELIGIBLE_CANDIDATE_DAY,62
S03_STRICT,selection_4,stress,signal_blockers,NO_HELD_ASSET_DAY,62
S03_STRICT,selection_4,stress,OPEN_ASSETS,UNRESOLVED_AT_END,0
S03_STRICT,selection_5,base,signal_blockers,NO_ELIGIBLE_CANDIDATE_DAY,62
S03_STRICT,selection_5,base,signal_blockers,NO_HELD_ASSET_DAY,62
S03_STRICT,selection_5,base,OPEN_ASSETS,UNRESOLVED_AT_END,0
S03_STRICT,selection_5,stress,signal_blockers,NO_ELIGIBLE_CANDIDATE_DAY,62
S03_STRICT,selection_5,stress,signal_blockers,NO_HELD_ASSET_DAY,62
S03_STRICT,selection_5,stress,OPEN_ASSETS,UNRESOLVED_AT_END,0
S03_STRICT,selection_6,base,signal_blockers,NO_ELIGIBLE_CANDIDATE_DAY,61
S03_STRICT,selection_6,base,signal_blockers,NO_HELD_ASSET_DAY,59
S03_STRICT,selection_6,base,OPEN_ASSETS,UNRESOLVED_AT_END,0
S03_STRICT,selection_6,stress,signal_blockers,NO_ELIGIBLE_CANDIDATE_DAY,61
S03_STRICT,selection_6,stress,signal_blockers,NO_HELD_ASSET_DAY,59
S03_STRICT,selection_6,stress,OPEN_ASSETS,UNRESOLVED_AT_END,0
S04_CONFIRMED,selection_1,base,signal_blockers,NO_ELIGIBLE_CANDIDATE_DAY,54
S04_CONFIRMED,selection_1,base,signal_blockers,NO_HELD_ASSET_DAY,52
S04_CONFIRMED,selection_1,base,signal_blockers,NO_PLANNED_CAPACITY,2
S04_CONFIRMED,selection_1,base,signal_blockers,SETTLEMENT_TAIL,10
S04_CONFIRMED,selection_1,base,OPEN_ASSETS,UNRESOLVED_AT_END,0
S04_CONFIRMED,selection_1,stress,signal_blockers,NO_ELIGIBLE_CANDIDATE_DAY,54
S04_CONFIRMED,selection_1,stress,signal_blockers,NO_HELD_ASSET_DAY,52
S04_CONFIRMED,selection_1,stress,signal_blockers,NO_PLANNED_CAPACITY,2
S04_CONFIRMED,selection_1,stress,signal_blockers,SETTLEMENT_TAIL,10
S04_CONFIRMED,selection_1,stress,OPEN_ASSETS,UNRESOLVED_AT_END,0
S04_CONFIRMED,selection_2,base,signal_blockers,NO_ELIGIBLE_CANDIDATE_DAY,45
S04_CONFIRMED,selection_2,base,signal_blockers,NO_HELD_ASSET_DAY,40
S04_CONFIRMED,selection_2,base,signal_blockers,NO_PLANNED_CAPACITY,8
S04_CONFIRMED,selection_2,base,signal_blockers,SETTLEMENT_TAIL,14
S04_CONFIRMED,selection_2,base,OPEN_ASSETS,UNRESOLVED_AT_END,0
S04_CONFIRMED,selection_2,stress,signal_blockers,NO_ELIGIBLE_CANDIDATE_DAY,45
S04_CONFIRMED,selection_2,stress,signal_blockers,NO_HELD_ASSET_DAY,40
S04_CONFIRMED,selection_2,stress,signal_blockers,NO_PLANNED_CAPACITY,8
S04_CONFIRMED,selection_2,stress,signal_blockers,SETTLEMENT_TAIL,14
S04_CONFIRMED,selection_2,stress,OPEN_ASSETS,UNRESOLVED_AT_END,0
S04_CONFIRMED,selection_3,base,signal_blockers,NO_ELIGIBLE_CANDIDATE_DAY,40
S04_CONFIRMED,selection_3,base,signal_blockers,NO_HELD_ASSET_DAY,29
S04_CONFIRMED,selection_3,base,signal_blockers,NO_PLANNED_CAPACITY,14
S04_CONFIRMED,selection_3,base,signal_blockers,SETTLEMENT_TAIL,8
S04_CONFIRMED,selection_3,base,OPEN_ASSETS,UNRESOLVED_AT_END,0
S04_CONFIRMED,selection_3,stress,signal_blockers,NO_ELIGIBLE_CANDIDATE_DAY,40
S04_CONFIRMED,selection_3,stress,signal_blockers,NO_HELD_ASSET_DAY,29
S04_CONFIRMED,selection_3,stress,signal_blockers,NO_PLANNED_CAPACITY,14
S04_CONFIRMED,selection_3,stress,signal_blockers,SETTLEMENT_TAIL,8
S04_CONFIRMED,selection_3,stress,OPEN_ASSETS,UNRESOLVED_AT_END,0
S04_CONFIRMED,selection_4,base,signal_blockers,NO_ELIGIBLE_CANDIDATE_DAY,18
S04_CONFIRMED,selection_4,base,signal_blockers,NO_HELD_ASSET_DAY,10
S04_CONFIRMED,selection_4,base,signal_blockers,NO_PLANNED_CAPACITY,72
S04_CONFIRMED,selection_4,base,signal_blockers,SETTLEMENT_TAIL,24
S04_CONFIRMED,selection_4,base,OPEN_ASSETS,UNRESOLVED_AT_END,0
S04_CONFIRMED,selection_4,stress,signal_blockers,NO_ELIGIBLE_CANDIDATE_DAY,18
S04_CONFIRMED,selection_4,stress,signal_blockers,NO_HELD_ASSET_DAY,10
S04_CONFIRMED,selection_4,stress,signal_blockers,NO_PLANNED_CAPACITY,72
S04_CONFIRMED,selection_4,stress,signal_blockers,SETTLEMENT_TAIL,24
S04_CONFIRMED,selection_4,stress,OPEN_ASSETS,UNRESOLVED_AT_END,0
S04_CONFIRMED,selection_5,base,signal_blockers,NO_ELIGIBLE_CANDIDATE_DAY,38
S04_CONFIRMED,selection_5,base,signal_blockers,NO_HELD_ASSET_DAY,29
S04_CONFIRMED,selection_5,base,signal_blockers,NO_PLANNED_CAPACITY,35
S04_CONFIRMED,selection_5,base,OPEN_ASSETS,UNRESOLVED_AT_END,0
S04_CONFIRMED,selection_5,stress,signal_blockers,NO_ELIGIBLE_CANDIDATE_DAY,38
S04_CONFIRMED,selection_5,stress,signal_blockers,NO_HELD_ASSET_DAY,29
S04_CONFIRMED,selection_5,stress,signal_blockers,NO_PLANNED_CAPACITY,34
S04_CONFIRMED,selection_5,stress,OPEN_ASSETS,UNRESOLVED_AT_END,0
S04_CONFIRMED,selection_6,base,signal_blockers,EXISTING_HOLDING,1
S04_CONFIRMED,selection_6,base,signal_blockers,NO_ELIGIBLE_CANDIDATE_DAY,31
S04_CONFIRMED,selection_6,base,signal_blockers,NO_HELD_ASSET_DAY,20
S04_CONFIRMED,selection_6,base,signal_blockers,NO_PLANNED_CAPACITY,44
S04_CONFIRMED,selection_6,base,signal_blockers,SETTLEMENT_TAIL,4
S04_CONFIRMED,selection_6,base,OPEN_ASSETS,UNRESOLVED_AT_END,0
S04_CONFIRMED,selection_6,stress,signal_blockers,EXISTING_HOLDING,1
S04_CONFIRMED,selection_6,stress,signal_blockers,NO_ELIGIBLE_CANDIDATE_DAY,31
S04_CONFIRMED,selection_6,stress,signal_blockers,NO_HELD_ASSET_DAY,20
S04_CONFIRMED,selection_6,stress,signal_blockers,NO_PLANNED_CAPACITY,44
S04_CONFIRMED,selection_6,stress,signal_blockers,SETTLEMENT_TAIL,4
S04_CONFIRMED,selection_6,stress,OPEN_ASSETS,UNRESOLVED_AT_END,0
S04_STRICT,selection_1,base,signal_blockers,NO_ELIGIBLE_CANDIDATE_DAY,62
S04_STRICT,selection_1,base,signal_blockers,NO_HELD_ASSET_DAY,62
S04_STRICT,selection_1,base,OPEN_ASSETS,UNRESOLVED_AT_END,0
S04_STRICT,selection_1,stress,signal_blockers,NO_ELIGIBLE_CANDIDATE_DAY,62
S04_STRICT,selection_1,stress,signal_blockers,NO_HELD_ASSET_DAY,62
S04_STRICT,selection_1,stress,OPEN_ASSETS,UNRESOLVED_AT_END,0
S04_STRICT,selection_2,base,signal_blockers,NO_ELIGIBLE_CANDIDATE_DAY,62
S04_STRICT,selection_2,base,signal_blockers,NO_HELD_ASSET_DAY,62
S04_STRICT,selection_2,base,OPEN_ASSETS,UNRESOLVED_AT_END,0
S04_STRICT,selection_2,stress,signal_blockers,NO_ELIGIBLE_CANDIDATE_DAY,62
S04_STRICT,selection_2,stress,signal_blockers,NO_HELD_ASSET_DAY,62
S04_STRICT,selection_2,stress,OPEN_ASSETS,UNRESOLVED_AT_END,0
S04_STRICT,selection_3,base,signal_blockers,NO_ELIGIBLE_CANDIDATE_DAY,60
S04_STRICT,selection_3,base,signal_blockers,NO_HELD_ASSET_DAY,57
S04_STRICT,selection_3,base,signal_blockers,SETTLEMENT_TAIL,1
S04_STRICT,selection_3,base,OPEN_ASSETS,UNRESOLVED_AT_END,0
S04_STRICT,selection_3,stress,signal_blockers,NO_ELIGIBLE_CANDIDATE_DAY,60
S04_STRICT,selection_3,stress,signal_blockers,NO_HELD_ASSET_DAY,57
S04_STRICT,selection_3,stress,signal_blockers,SETTLEMENT_TAIL,1
S04_STRICT,selection_3,stress,OPEN_ASSETS,UNRESOLVED_AT_END,0
S04_STRICT,selection_4,base,signal_blockers,NO_ELIGIBLE_CANDIDATE_DAY,57
S04_STRICT,selection_4,base,signal_blockers,NO_HELD_ASSET_DAY,45
S04_STRICT,selection_4,base,signal_blockers,SETTLEMENT_TAIL,1
S04_STRICT,selection_4,base,OPEN_ASSETS,UNRESOLVED_AT_END,0
S04_STRICT,selection_4,stress,signal_blockers,NO_ELIGIBLE_CANDIDATE_DAY,57
S04_STRICT,selection_4,stress,signal_blockers,NO_HELD_ASSET_DAY,45
S04_STRICT,selection_4,stress,signal_blockers,SETTLEMENT_TAIL,1
S04_STRICT,selection_4,stress,OPEN_ASSETS,UNRESOLVED_AT_END,0
S04_STRICT,selection_5,base,signal_blockers,NO_ELIGIBLE_CANDIDATE_DAY,61
S04_STRICT,selection_5,base,signal_blockers,NO_HELD_ASSET_DAY,57
S04_STRICT,selection_5,base,OPEN_ASSETS,UNRESOLVED_AT_END,0
S04_STRICT,selection_5,stress,signal_blockers,NO_ELIGIBLE_CANDIDATE_DAY,61
S04_STRICT,selection_5,stress,signal_blockers,NO_HELD_ASSET_DAY,57
S04_STRICT,selection_5,stress,OPEN_ASSETS,UNRESOLVED_AT_END,0
S04_STRICT,selection_6,base,signal_blockers,NO_ELIGIBLE_CANDIDATE_DAY,59
S04_STRICT,selection_6,base,signal_blockers,NO_HELD_ASSET_DAY,52
S04_STRICT,selection_6,base,OPEN_ASSETS,UNRESOLVED_AT_END,0
S04_STRICT,selection_6,stress,signal_blockers,NO_ELIGIBLE_CANDIDATE_DAY,59
S04_STRICT,selection_6,stress,signal_blockers,NO_HELD_ASSET_DAY,52
S04_STRICT,selection_6,stress,OPEN_ASSETS,UNRESOLVED_AT_END,0
S05_CONFIRMED,selection_1,base,signal_blockers,NO_ELIGIBLE_CANDIDATE_DAY,60
S05_CONFIRMED,selection_1,base,signal_blockers,NO_HELD_ASSET_DAY,53
S05_CONFIRMED,selection_1,base,OPEN_ASSETS,UNRESOLVED_AT_END,0
S05_CONFIRMED,selection_1,stress,signal_blockers,NO_ELIGIBLE_CANDIDATE_DAY,60
S05_CONFIRMED,selection_1,stress,signal_blockers,NO_HELD_ASSET_DAY,53
S05_CONFIRMED,selection_1,stress,OPEN_ASSETS,UNRESOLVED_AT_END,0
S05_CONFIRMED,selection_2,base,signal_blockers,NO_ELIGIBLE_CANDIDATE_DAY,57
S05_CONFIRMED,selection_2,base,signal_blockers,NO_HELD_ASSET_DAY,50
S05_CONFIRMED,selection_2,base,signal_blockers,NO_PLANNED_CAPACITY,2
S05_CONFIRMED,selection_2,base,signal_blockers,SETTLEMENT_TAIL,1
S05_CONFIRMED,selection_2,base,OPEN_ASSETS,UNRESOLVED_AT_END,0
S05_CONFIRMED,selection_2,stress,signal_blockers,NO_ELIGIBLE_CANDIDATE_DAY,57
S05_CONFIRMED,selection_2,stress,signal_blockers,NO_HELD_ASSET_DAY,50
S05_CONFIRMED,selection_2,stress,signal_blockers,NO_PLANNED_CAPACITY,2
S05_CONFIRMED,selection_2,stress,signal_blockers,SETTLEMENT_TAIL,1
S05_CONFIRMED,selection_2,stress,OPEN_ASSETS,UNRESOLVED_AT_END,0
S05_CONFIRMED,selection_3,base,signal_blockers,NO_ELIGIBLE_CANDIDATE_DAY,55
S05_CONFIRMED,selection_3,base,signal_blockers,NO_HELD_ASSET_DAY,40
S05_CONFIRMED,selection_3,base,signal_blockers,NO_PLANNED_CAPACITY,2
S05_CONFIRMED,selection_3,base,OPEN_ASSETS,UNRESOLVED_AT_END,0
S05_CONFIRMED,selection_3,stress,signal_blockers,NO_ELIGIBLE_CANDIDATE_DAY,55
S05_CONFIRMED,selection_3,stress,signal_blockers,NO_HELD_ASSET_DAY,40
S05_CONFIRMED,selection_3,stress,signal_blockers,NO_PLANNED_CAPACITY,2
S05_CONFIRMED,selection_3,stress,OPEN_ASSETS,UNRESOLVED_AT_END,0
S05_CONFIRMED,selection_4,base,signal_blockers,NO_ELIGIBLE_CANDIDATE_DAY,47
S05_CONFIRMED,selection_4,base,signal_blockers,NO_HELD_ASSET_DAY,27
S05_CONFIRMED,selection_4,base,signal_blockers,NO_PLANNED_CAPACITY,5
S05_CONFIRMED,selection_4,base,signal_blockers,SETTLEMENT_TAIL,2
S05_CONFIRMED,selection_4,base,OPEN_ASSETS,UNRESOLVED_AT_END,0
S05_CONFIRMED,selection_4,stress,signal_blockers,NO_ELIGIBLE_CANDIDATE_DAY,47
S05_CONFIRMED,selection_4,stress,signal_blockers,NO_HELD_ASSET_DAY,27
S05_CONFIRMED,selection_4,stress,signal_blockers,NO_PLANNED_CAPACITY,5
S05_CONFIRMED,selection_4,stress,signal_blockers,SETTLEMENT_TAIL,2
S05_CONFIRMED,selection_4,stress,OPEN_ASSETS,UNRESOLVED_AT_END,0
S05_CONFIRMED,selection_5,base,signal_blockers,NO_ELIGIBLE_CANDIDATE_DAY,56
S05_CONFIRMED,selection_5,base,signal_blockers,NO_HELD_ASSET_DAY,47
S05_CONFIRMED,selection_5,base,OPEN_ASSETS,UNRESOLVED_AT_END,0
S05_CONFIRMED,selection_5,stress,signal_blockers,NO_ELIGIBLE_CANDIDATE_DAY,56
S05_CONFIRMED,selection_5,stress,signal_blockers,NO_HELD_ASSET_DAY,47
S05_CONFIRMED,selection_5,stress,OPEN_ASSETS,UNRESOLVED_AT_END,0
S05_CONFIRMED,selection_6,base,signal_blockers,NO_ELIGIBLE_CANDIDATE_DAY,58
S05_CONFIRMED,selection_6,base,signal_blockers,NO_HELD_ASSET_DAY,52
S05_CONFIRMED,selection_6,base,OPEN_ASSETS,UNRESOLVED_AT_END,0
S05_CONFIRMED,selection_6,stress,signal_blockers,NO_ELIGIBLE_CANDIDATE_DAY,58
S05_CONFIRMED,selection_6,stress,signal_blockers,NO_HELD_ASSET_DAY,52
S05_CONFIRMED,selection_6,stress,OPEN_ASSETS,UNRESOLVED_AT_END,0
S05_STRICT,selection_1,base,signal_blockers,NO_ELIGIBLE_CANDIDATE_DAY,62
S05_STRICT,selection_1,base,signal_blockers,NO_HELD_ASSET_DAY,62
S05_STRICT,selection_1,base,OPEN_ASSETS,UNRESOLVED_AT_END,0
S05_STRICT,selection_1,stress,signal_blockers,NO_ELIGIBLE_CANDIDATE_DAY,62
S05_STRICT,selection_1,stress,signal_blockers,NO_HELD_ASSET_DAY,62
S05_STRICT,selection_1,stress,OPEN_ASSETS,UNRESOLVED_AT_END,0
S05_STRICT,selection_2,base,signal_blockers,NO_ELIGIBLE_CANDIDATE_DAY,62
S05_STRICT,selection_2,base,signal_blockers,NO_HELD_ASSET_DAY,62
S05_STRICT,selection_2,base,OPEN_ASSETS,UNRESOLVED_AT_END,0
S05_STRICT,selection_2,stress,signal_blockers,NO_ELIGIBLE_CANDIDATE_DAY,62
S05_STRICT,selection_2,stress,signal_blockers,NO_HELD_ASSET_DAY,62
S05_STRICT,selection_2,stress,OPEN_ASSETS,UNRESOLVED_AT_END,0
S05_STRICT,selection_3,base,signal_blockers,NO_ELIGIBLE_CANDIDATE_DAY,62
S05_STRICT,selection_3,base,signal_blockers,NO_HELD_ASSET_DAY,62
S05_STRICT,selection_3,base,OPEN_ASSETS,UNRESOLVED_AT_END,0
S05_STRICT,selection_3,stress,signal_blockers,NO_ELIGIBLE_CANDIDATE_DAY,62
S05_STRICT,selection_3,stress,signal_blockers,NO_HELD_ASSET_DAY,62
S05_STRICT,selection_3,stress,OPEN_ASSETS,UNRESOLVED_AT_END,0
S05_STRICT,selection_4,base,signal_blockers,NO_ELIGIBLE_CANDIDATE_DAY,62
S05_STRICT,selection_4,base,signal_blockers,NO_HELD_ASSET_DAY,62
S05_STRICT,selection_4,base,OPEN_ASSETS,UNRESOLVED_AT_END,0
S05_STRICT,selection_4,stress,signal_blockers,NO_ELIGIBLE_CANDIDATE_DAY,62
S05_STRICT,selection_4,stress,signal_blockers,NO_HELD_ASSET_DAY,62
S05_STRICT,selection_4,stress,OPEN_ASSETS,UNRESOLVED_AT_END,0
S05_STRICT,selection_5,base,signal_blockers,NO_ELIGIBLE_CANDIDATE_DAY,62
S05_STRICT,selection_5,base,signal_blockers,NO_HELD_ASSET_DAY,62
S05_STRICT,selection_5,base,OPEN_ASSETS,UNRESOLVED_AT_END,0
S05_STRICT,selection_5,stress,signal_blockers,NO_ELIGIBLE_CANDIDATE_DAY,62
S05_STRICT,selection_5,stress,signal_blockers,NO_HELD_ASSET_DAY,62
S05_STRICT,selection_5,stress,OPEN_ASSETS,UNRESOLVED_AT_END,0
S05_STRICT,selection_6,base,signal_blockers,NO_ELIGIBLE_CANDIDATE_DAY,62
S05_STRICT,selection_6,base,signal_blockers,NO_HELD_ASSET_DAY,62
S05_STRICT,selection_6,base,OPEN_ASSETS,UNRESOLVED_AT_END,0
S05_STRICT,selection_6,stress,signal_blockers,NO_ELIGIBLE_CANDIDATE_DAY,62
S05_STRICT,selection_6,stress,signal_blockers,NO_HELD_ASSET_DAY,62
S05_STRICT,selection_6,stress,OPEN_ASSETS,UNRESOLVED_AT_END,0
S06_CONFIRMED,selection_1,base,signal_blockers,NO_ELIGIBLE_CANDIDATE_DAY,57
S06_CONFIRMED,selection_1,base,signal_blockers,NO_HELD_ASSET_DAY,49
S06_CONFIRMED,selection_1,base,signal_blockers,NO_PLANNED_CAPACITY,671
S06_CONFIRMED,selection_1,base,signal_blockers,SETTLEMENT_TAIL,305
S06_CONFIRMED,selection_1,base,OPEN_ASSETS,UNRESOLVED_AT_END,0
S06_CONFIRMED,selection_1,stress,signal_blockers,NO_ELIGIBLE_CANDIDATE_DAY,57
S06_CONFIRMED,selection_1,stress,signal_blockers,NO_HELD_ASSET_DAY,49
S06_CONFIRMED,selection_1,stress,signal_blockers,NO_PLANNED_CAPACITY,671
S06_CONFIRMED,selection_1,stress,signal_blockers,SETTLEMENT_TAIL,305
S06_CONFIRMED,selection_1,stress,OPEN_ASSETS,UNRESOLVED_AT_END,0
S06_CONFIRMED,selection_2,base,signal_blockers,NO_ELIGIBLE_CANDIDATE_DAY,61
S06_CONFIRMED,selection_2,base,signal_blockers,NO_HELD_ASSET_DAY,57
S06_CONFIRMED,selection_2,base,OPEN_ASSETS,UNRESOLVED_AT_END,0
S06_CONFIRMED,selection_2,stress,signal_blockers,NO_ELIGIBLE_CANDIDATE_DAY,61
S06_CONFIRMED,selection_2,stress,signal_blockers,NO_HELD_ASSET_DAY,57
S06_CONFIRMED,selection_2,stress,OPEN_ASSETS,UNRESOLVED_AT_END,0
S06_CONFIRMED,selection_3,base,signal_blockers,NO_ELIGIBLE_CANDIDATE_DAY,62
S06_CONFIRMED,selection_3,base,signal_blockers,NO_HELD_ASSET_DAY,62
S06_CONFIRMED,selection_3,base,OPEN_ASSETS,UNRESOLVED_AT_END,0
S06_CONFIRMED,selection_3,stress,signal_blockers,NO_ELIGIBLE_CANDIDATE_DAY,62
S06_CONFIRMED,selection_3,stress,signal_blockers,NO_HELD_ASSET_DAY,62
S06_CONFIRMED,selection_3,stress,OPEN_ASSETS,UNRESOLVED_AT_END,0
S06_CONFIRMED,selection_4,base,signal_blockers,EXISTING_HOLDING,1
S06_CONFIRMED,selection_4,base,signal_blockers,NO_ELIGIBLE_CANDIDATE_DAY,60
S06_CONFIRMED,selection_4,base,signal_blockers,NO_HELD_ASSET_DAY,56
S06_CONFIRMED,selection_4,base,signal_blockers,NO_PLANNED_CAPACITY,854
S06_CONFIRMED,selection_4,base,OPEN_ASSETS,UNRESOLVED_AT_END,0
S06_CONFIRMED,selection_4,stress,signal_blockers,EXISTING_HOLDING,1
S06_CONFIRMED,selection_4,stress,signal_blockers,NO_ELIGIBLE_CANDIDATE_DAY,60
S06_CONFIRMED,selection_4,stress,signal_blockers,NO_HELD_ASSET_DAY,57
S06_CONFIRMED,selection_4,stress,signal_blockers,NO_PLANNED_CAPACITY,854
S06_CONFIRMED,selection_4,stress,OPEN_ASSETS,UNRESOLVED_AT_END,0
S06_CONFIRMED,selection_5,base,signal_blockers,NO_ELIGIBLE_CANDIDATE_DAY,60
S06_CONFIRMED,selection_5,base,signal_blockers,NO_HELD_ASSET_DAY,53
S06_CONFIRMED,selection_5,base,signal_blockers,NO_PLANNED_CAPACITY,650
S06_CONFIRMED,selection_5,base,OPEN_ASSETS,UNRESOLVED_AT_END,0
S06_CONFIRMED,selection_5,stress,signal_blockers,NO_ELIGIBLE_CANDIDATE_DAY,60
S06_CONFIRMED,selection_5,stress,signal_blockers,NO_HELD_ASSET_DAY,53
S06_CONFIRMED,selection_5,stress,signal_blockers,NO_PLANNED_CAPACITY,650
S06_CONFIRMED,selection_5,stress,OPEN_ASSETS,UNRESOLVED_AT_END,0
S06_CONFIRMED,selection_6,base,signal_blockers,EXISTING_HOLDING,2
S06_CONFIRMED,selection_6,base,signal_blockers,NO_ELIGIBLE_CANDIDATE_DAY,53
S06_CONFIRMED,selection_6,base,signal_blockers,NO_HELD_ASSET_DAY,44
S06_CONFIRMED,selection_6,base,signal_blockers,NO_PLANNED_CAPACITY,1182
S06_CONFIRMED,selection_6,base,signal_blockers,SETTLEMENT_TAIL,550
S06_CONFIRMED,selection_6,base,execution_blockers,OPEN_AT_UP_LIMIT,1
S06_CONFIRMED,selection_6,base,OPEN_ASSETS,UNRESOLVED_AT_END,0
S06_CONFIRMED,selection_6,stress,signal_blockers,EXISTING_HOLDING,2
S06_CONFIRMED,selection_6,stress,signal_blockers,NO_ELIGIBLE_CANDIDATE_DAY,53
S06_CONFIRMED,selection_6,stress,signal_blockers,NO_HELD_ASSET_DAY,44
S06_CONFIRMED,selection_6,stress,signal_blockers,NO_PLANNED_CAPACITY,1182
S06_CONFIRMED,selection_6,stress,signal_blockers,SETTLEMENT_TAIL,550
S06_CONFIRMED,selection_6,stress,execution_blockers,OPEN_AT_UP_LIMIT,1
S06_CONFIRMED,selection_6,stress,OPEN_ASSETS,UNRESOLVED_AT_END,0
S06_STRICT,selection_1,base,signal_blockers,NO_ELIGIBLE_CANDIDATE_DAY,61
S06_STRICT,selection_1,base,signal_blockers,NO_HELD_ASSET_DAY,59
S06_STRICT,selection_1,base,signal_blockers,NO_PLANNED_CAPACITY,1
S06_STRICT,selection_1,base,OPEN_ASSETS,UNRESOLVED_AT_END,0
S06_STRICT,selection_1,stress,signal_blockers,NO_ELIGIBLE_CANDIDATE_DAY,61
S06_STRICT,selection_1,stress,signal_blockers,NO_HELD_ASSET_DAY,59
S06_STRICT,selection_1,stress,signal_blockers,NO_PLANNED_CAPACITY,1
S06_STRICT,selection_1,stress,OPEN_ASSETS,UNRESOLVED_AT_END,0
S06_STRICT,selection_2,base,signal_blockers,NO_ELIGIBLE_CANDIDATE_DAY,62
S06_STRICT,selection_2,base,signal_blockers,NO_HELD_ASSET_DAY,62
S06_STRICT,selection_2,base,OPEN_ASSETS,UNRESOLVED_AT_END,0
S06_STRICT,selection_2,stress,signal_blockers,NO_ELIGIBLE_CANDIDATE_DAY,62
S06_STRICT,selection_2,stress,signal_blockers,NO_HELD_ASSET_DAY,62
S06_STRICT,selection_2,stress,OPEN_ASSETS,UNRESOLVED_AT_END,0
S06_STRICT,selection_3,base,signal_blockers,NO_ELIGIBLE_CANDIDATE_DAY,62
S06_STRICT,selection_3,base,signal_blockers,NO_HELD_ASSET_DAY,62
S06_STRICT,selection_3,base,OPEN_ASSETS,UNRESOLVED_AT_END,0
S06_STRICT,selection_3,stress,signal_blockers,NO_ELIGIBLE_CANDIDATE_DAY,62
S06_STRICT,selection_3,stress,signal_blockers,NO_HELD_ASSET_DAY,62
S06_STRICT,selection_3,stress,OPEN_ASSETS,UNRESOLVED_AT_END,0
S06_STRICT,selection_4,base,signal_blockers,NO_ELIGIBLE_CANDIDATE_DAY,61
S06_STRICT,selection_4,base,signal_blockers,NO_HELD_ASSET_DAY,57
S06_STRICT,selection_4,base,signal_blockers,NO_PLANNED_CAPACITY,2
S06_STRICT,selection_4,base,OPEN_ASSETS,UNRESOLVED_AT_END,0
S06_STRICT,selection_4,stress,signal_blockers,NO_ELIGIBLE_CANDIDATE_DAY,61
S06_STRICT,selection_4,stress,signal_blockers,NO_HELD_ASSET_DAY,57
S06_STRICT,selection_4,stress,signal_blockers,NO_PLANNED_CAPACITY,2
S06_STRICT,selection_4,stress,OPEN_ASSETS,UNRESOLVED_AT_END,0
S06_STRICT,selection_5,base,signal_blockers,NO_ELIGIBLE_CANDIDATE_DAY,62
S06_STRICT,selection_5,base,signal_blockers,NO_HELD_ASSET_DAY,62
S06_STRICT,selection_5,base,OPEN_ASSETS,UNRESOLVED_AT_END,0
S06_STRICT,selection_5,stress,signal_blockers,NO_ELIGIBLE_CANDIDATE_DAY,62
S06_STRICT,selection_5,stress,signal_blockers,NO_HELD_ASSET_DAY,62
S06_STRICT,selection_5,stress,OPEN_ASSETS,UNRESOLVED_AT_END,0
S06_STRICT,selection_6,base,signal_blockers,NO_ELIGIBLE_CANDIDATE_DAY,60
S06_STRICT,selection_6,base,signal_blockers,NO_HELD_ASSET_DAY,55
S06_STRICT,selection_6,base,OPEN_ASSETS,UNRESOLVED_AT_END,0
S06_STRICT,selection_6,stress,signal_blockers,NO_ELIGIBLE_CANDIDATE_DAY,60
S06_STRICT,selection_6,stress,signal_blockers,NO_HELD_ASSET_DAY,56
S06_STRICT,selection_6,stress,OPEN_ASSETS,UNRESOLVED_AT_END,0
S07_CONFIRMED,selection_1,base,signal_blockers,NO_ELIGIBLE_CANDIDATE_DAY,62
S07_CONFIRMED,selection_1,base,signal_blockers,NO_HELD_ASSET_DAY,62
S07_CONFIRMED,selection_1,base,OPEN_ASSETS,UNRESOLVED_AT_END,0
S07_CONFIRMED,selection_1,stress,signal_blockers,NO_ELIGIBLE_CANDIDATE_DAY,62
S07_CONFIRMED,selection_1,stress,signal_blockers,NO_HELD_ASSET_DAY,62
S07_CONFIRMED,selection_1,stress,OPEN_ASSETS,UNRESOLVED_AT_END,0
S07_CONFIRMED,selection_2,base,signal_blockers,NO_ELIGIBLE_CANDIDATE_DAY,60
S07_CONFIRMED,selection_2,base,signal_blockers,NO_HELD_ASSET_DAY,57
S07_CONFIRMED,selection_2,base,signal_blockers,SETTLEMENT_TAIL,1
S07_CONFIRMED,selection_2,base,OPEN_ASSETS,UNRESOLVED_AT_END,0
S07_CONFIRMED,selection_2,stress,signal_blockers,NO_ELIGIBLE_CANDIDATE_DAY,60
S07_CONFIRMED,selection_2,stress,signal_blockers,NO_HELD_ASSET_DAY,57
S07_CONFIRMED,selection_2,stress,signal_blockers,SETTLEMENT_TAIL,1
S07_CONFIRMED,selection_2,stress,OPEN_ASSETS,UNRESOLVED_AT_END,0
S07_CONFIRMED,selection_3,base,signal_blockers,NO_ELIGIBLE_CANDIDATE_DAY,56
S07_CONFIRMED,selection_3,base,signal_blockers,NO_HELD_ASSET_DAY,53
S07_CONFIRMED,selection_3,base,signal_blockers,NO_PLANNED_CAPACITY,7
S07_CONFIRMED,selection_3,base,execution_blockers,OPEN_AT_UP_LIMIT,1
S07_CONFIRMED,selection_3,base,OPEN_ASSETS,UNRESOLVED_AT_END,0
S07_CONFIRMED,selection_3,stress,signal_blockers,NO_ELIGIBLE_CANDIDATE_DAY,56
S07_CONFIRMED,selection_3,stress,signal_blockers,NO_HELD_ASSET_DAY,53
S07_CONFIRMED,selection_3,stress,signal_blockers,NO_PLANNED_CAPACITY,7
S07_CONFIRMED,selection_3,stress,execution_blockers,OPEN_AT_UP_LIMIT,1
S07_CONFIRMED,selection_3,stress,OPEN_ASSETS,UNRESOLVED_AT_END,0
S07_CONFIRMED,selection_4,base,signal_blockers,NO_ELIGIBLE_CANDIDATE_DAY,55
S07_CONFIRMED,selection_4,base,signal_blockers,NO_HELD_ASSET_DAY,39
S07_CONFIRMED,selection_4,base,signal_blockers,SETTLEMENT_TAIL,1
S07_CONFIRMED,selection_4,base,OPEN_ASSETS,UNRESOLVED_AT_END,0
S07_CONFIRMED,selection_4,stress,signal_blockers,NO_ELIGIBLE_CANDIDATE_DAY,55
S07_CONFIRMED,selection_4,stress,signal_blockers,NO_HELD_ASSET_DAY,39
S07_CONFIRMED,selection_4,stress,signal_blockers,SETTLEMENT_TAIL,1
S07_CONFIRMED,selection_4,stress,OPEN_ASSETS,UNRESOLVED_AT_END,0
S07_CONFIRMED,selection_5,base,signal_blockers,NO_ELIGIBLE_CANDIDATE_DAY,62
S07_CONFIRMED,selection_5,base,signal_blockers,NO_HELD_ASSET_DAY,62
S07_CONFIRMED,selection_5,base,OPEN_ASSETS,UNRESOLVED_AT_END,0
S07_CONFIRMED,selection_5,stress,signal_blockers,NO_ELIGIBLE_CANDIDATE_DAY,62
S07_CONFIRMED,selection_5,stress,signal_blockers,NO_HELD_ASSET_DAY,62
S07_CONFIRMED,selection_5,stress,OPEN_ASSETS,UNRESOLVED_AT_END,0
S07_CONFIRMED,selection_6,base,signal_blockers,NO_ELIGIBLE_CANDIDATE_DAY,61
S07_CONFIRMED,selection_6,base,signal_blockers,NO_HELD_ASSET_DAY,59
S07_CONFIRMED,selection_6,base,OPEN_ASSETS,UNRESOLVED_AT_END,0
S07_CONFIRMED,selection_6,stress,signal_blockers,NO_ELIGIBLE_CANDIDATE_DAY,61
S07_CONFIRMED,selection_6,stress,signal_blockers,NO_HELD_ASSET_DAY,59
S07_CONFIRMED,selection_6,stress,OPEN_ASSETS,UNRESOLVED_AT_END,0
S07_STRICT,selection_1,base,signal_blockers,NO_ELIGIBLE_CANDIDATE_DAY,62
S07_STRICT,selection_1,base,signal_blockers,NO_HELD_ASSET_DAY,62
S07_STRICT,selection_1,base,OPEN_ASSETS,UNRESOLVED_AT_END,0
S07_STRICT,selection_1,stress,signal_blockers,NO_ELIGIBLE_CANDIDATE_DAY,62
S07_STRICT,selection_1,stress,signal_blockers,NO_HELD_ASSET_DAY,62
S07_STRICT,selection_1,stress,OPEN_ASSETS,UNRESOLVED_AT_END,0
S07_STRICT,selection_2,base,signal_blockers,NO_ELIGIBLE_CANDIDATE_DAY,62
S07_STRICT,selection_2,base,signal_blockers,NO_HELD_ASSET_DAY,62
S07_STRICT,selection_2,base,OPEN_ASSETS,UNRESOLVED_AT_END,0
S07_STRICT,selection_2,stress,signal_blockers,NO_ELIGIBLE_CANDIDATE_DAY,62
S07_STRICT,selection_2,stress,signal_blockers,NO_HELD_ASSET_DAY,62
S07_STRICT,selection_2,stress,OPEN_ASSETS,UNRESOLVED_AT_END,0
S07_STRICT,selection_3,base,signal_blockers,NO_ELIGIBLE_CANDIDATE_DAY,62
S07_STRICT,selection_3,base,signal_blockers,NO_HELD_ASSET_DAY,62
S07_STRICT,selection_3,base,OPEN_ASSETS,UNRESOLVED_AT_END,0
S07_STRICT,selection_3,stress,signal_blockers,NO_ELIGIBLE_CANDIDATE_DAY,62
S07_STRICT,selection_3,stress,signal_blockers,NO_HELD_ASSET_DAY,62
S07_STRICT,selection_3,stress,OPEN_ASSETS,UNRESOLVED_AT_END,0
S07_STRICT,selection_4,base,signal_blockers,NO_ELIGIBLE_CANDIDATE_DAY,58
S07_STRICT,selection_4,base,signal_blockers,NO_HELD_ASSET_DAY,43
S07_STRICT,selection_4,base,OPEN_ASSETS,UNRESOLVED_AT_END,0
S07_STRICT,selection_4,stress,signal_blockers,NO_ELIGIBLE_CANDIDATE_DAY,58
S07_STRICT,selection_4,stress,signal_blockers,NO_HELD_ASSET_DAY,43
S07_STRICT,selection_4,stress,OPEN_ASSETS,UNRESOLVED_AT_END,0
S07_STRICT,selection_5,base,signal_blockers,NO_ELIGIBLE_CANDIDATE_DAY,62
S07_STRICT,selection_5,base,signal_blockers,NO_HELD_ASSET_DAY,62
S07_STRICT,selection_5,base,OPEN_ASSETS,UNRESOLVED_AT_END,0
S07_STRICT,selection_5,stress,signal_blockers,NO_ELIGIBLE_CANDIDATE_DAY,62
S07_STRICT,selection_5,stress,signal_blockers,NO_HELD_ASSET_DAY,62
S07_STRICT,selection_5,stress,OPEN_ASSETS,UNRESOLVED_AT_END,0
S07_STRICT,selection_6,base,signal_blockers,NO_ELIGIBLE_CANDIDATE_DAY,62
S07_STRICT,selection_6,base,signal_blockers,NO_HELD_ASSET_DAY,62
S07_STRICT,selection_6,base,OPEN_ASSETS,UNRESOLVED_AT_END,0
S07_STRICT,selection_6,stress,signal_blockers,NO_ELIGIBLE_CANDIDATE_DAY,62
S07_STRICT,selection_6,stress,signal_blockers,NO_HELD_ASSET_DAY,62
S07_STRICT,selection_6,stress,OPEN_ASSETS,UNRESOLVED_AT_END,0
S08_CONFIRMED,selection_1,base,signal_blockers,EVENT_ALREADY_CONSUMED,1
S08_CONFIRMED,selection_1,base,signal_blockers,NO_ELIGIBLE_CANDIDATE_DAY,52
S08_CONFIRMED,selection_1,base,signal_blockers,NO_HELD_ASSET_DAY,46
S08_CONFIRMED,selection_1,base,signal_blockers,NO_PLANNED_CAPACITY,6
S08_CONFIRMED,selection_1,base,signal_blockers,SETTLEMENT_TAIL,4
S08_CONFIRMED,selection_1,base,OPEN_ASSETS,UNRESOLVED_AT_END,0
S08_CONFIRMED,selection_1,stress,signal_blockers,EVENT_ALREADY_CONSUMED,1
S08_CONFIRMED,selection_1,stress,signal_blockers,NO_ELIGIBLE_CANDIDATE_DAY,52
S08_CONFIRMED,selection_1,stress,signal_blockers,NO_HELD_ASSET_DAY,46
S08_CONFIRMED,selection_1,stress,signal_blockers,NO_PLANNED_CAPACITY,6
S08_CONFIRMED,selection_1,stress,signal_blockers,SETTLEMENT_TAIL,4
S08_CONFIRMED,selection_1,stress,OPEN_ASSETS,UNRESOLVED_AT_END,0
S08_CONFIRMED,selection_2,base,signal_blockers,NO_ELIGIBLE_CANDIDATE_DAY,46
S08_CONFIRMED,selection_2,base,signal_blockers,NO_HELD_ASSET_DAY,40
S08_CONFIRMED,selection_2,base,signal_blockers,NO_PLANNED_CAPACITY,6
S08_CONFIRMED,selection_2,base,signal_blockers,SETTLEMENT_TAIL,14
S08_CONFIRMED,selection_2,base,OPEN_ASSETS,UNRESOLVED_AT_END,0
S08_CONFIRMED,selection_2,stress,signal_blockers,NO_ELIGIBLE_CANDIDATE_DAY,46
S08_CONFIRMED,selection_2,stress,signal_blockers,NO_HELD_ASSET_DAY,40
S08_CONFIRMED,selection_2,stress,signal_blockers,NO_PLANNED_CAPACITY,6
S08_CONFIRMED,selection_2,stress,signal_blockers,SETTLEMENT_TAIL,14
S08_CONFIRMED,selection_2,stress,OPEN_ASSETS,UNRESOLVED_AT_END,0
S08_CONFIRMED,selection_3,base,signal_blockers,EVENT_ALREADY_CONSUMED,3
S08_CONFIRMED,selection_3,base,signal_blockers,NO_ELIGIBLE_CANDIDATE_DAY,43
S08_CONFIRMED,selection_3,base,signal_blockers,NO_HELD_ASSET_DAY,34
S08_CONFIRMED,selection_3,base,signal_blockers,NO_PLANNED_CAPACITY,18
S08_CONFIRMED,selection_3,base,signal_blockers,SETTLEMENT_TAIL,6
S08_CONFIRMED,selection_3,base,OPEN_ASSETS,UNRESOLVED_AT_END,0
S08_CONFIRMED,selection_3,stress,signal_blockers,EVENT_ALREADY_CONSUMED,3
S08_CONFIRMED,selection_3,stress,signal_blockers,NO_ELIGIBLE_CANDIDATE_DAY,43
S08_CONFIRMED,selection_3,stress,signal_blockers,NO_HELD_ASSET_DAY,35
S08_CONFIRMED,selection_3,stress,signal_blockers,NO_PLANNED_CAPACITY,19
S08_CONFIRMED,selection_3,stress,signal_blockers,SETTLEMENT_TAIL,6
S08_CONFIRMED,selection_3,stress,OPEN_ASSETS,UNRESOLVED_AT_END,0
S08_CONFIRMED,selection_4,base,signal_blockers,EVENT_ALREADY_CONSUMED,8
S08_CONFIRMED,selection_4,base,signal_blockers,NO_ELIGIBLE_CANDIDATE_DAY,21
S08_CONFIRMED,selection_4,base,signal_blockers,NO_HELD_ASSET_DAY,11
S08_CONFIRMED,selection_4,base,signal_blockers,NO_PLANNED_CAPACITY,45
S08_CONFIRMED,selection_4,base,signal_blockers,SETTLEMENT_TAIL,27
S08_CONFIRMED,selection_4,base,execution_blockers,ACTUAL_POSITION_CAPACITY_FULL,2
S08_CONFIRMED,selection_4,base,execution_blockers,SUSPENDED_OR_UNKNOWN,2
S08_CONFIRMED,selection_4,base,OPEN_ASSETS,UNRESOLVED_AT_END,0
S08_CONFIRMED,selection_4,stress,signal_blockers,EVENT_ALREADY_CONSUMED,8
S08_CONFIRMED,selection_4,stress,signal_blockers,NO_ELIGIBLE_CANDIDATE_DAY,21
S08_CONFIRMED,selection_4,stress,signal_blockers,NO_HELD_ASSET_DAY,11
S08_CONFIRMED,selection_4,stress,signal_blockers,NO_PLANNED_CAPACITY,47
S08_CONFIRMED,selection_4,stress,signal_blockers,SETTLEMENT_TAIL,27
S08_CONFIRMED,selection_4,stress,execution_blockers,ACTUAL_POSITION_CAPACITY_FULL,1
S08_CONFIRMED,selection_4,stress,execution_blockers,SUSPENDED_OR_UNKNOWN,1
S08_CONFIRMED,selection_4,stress,OPEN_ASSETS,UNRESOLVED_AT_END,0
S08_CONFIRMED,selection_5,base,signal_blockers,EVENT_ALREADY_CONSUMED,6
S08_CONFIRMED,selection_5,base,signal_blockers,NO_ELIGIBLE_CANDIDATE_DAY,40
S08_CONFIRMED,selection_5,base,signal_blockers,NO_HELD_ASSET_DAY,24
S08_CONFIRMED,selection_5,base,signal_blockers,NO_PLANNED_CAPACITY,19
S08_CONFIRMED,selection_5,base,OPEN_ASSETS,UNRESOLVED_AT_END,0
S08_CONFIRMED,selection_5,stress,signal_blockers,EVENT_ALREADY_CONSUMED,6
S08_CONFIRMED,selection_5,stress,signal_blockers,NO_ELIGIBLE_CANDIDATE_DAY,40
S08_CONFIRMED,selection_5,stress,signal_blockers,NO_HELD_ASSET_DAY,24
S08_CONFIRMED,selection_5,stress,signal_blockers,NO_PLANNED_CAPACITY,19
S08_CONFIRMED,selection_5,stress,OPEN_ASSETS,UNRESOLVED_AT_END,0
S08_CONFIRMED,selection_6,base,signal_blockers,EVENT_ALREADY_CONSUMED,11
S08_CONFIRMED,selection_6,base,signal_blockers,NO_ELIGIBLE_CANDIDATE_DAY,36
S08_CONFIRMED,selection_6,base,signal_blockers,NO_HELD_ASSET_DAY,25
S08_CONFIRMED,selection_6,base,signal_blockers,NO_PLANNED_CAPACITY,37
S08_CONFIRMED,selection_6,base,signal_blockers,SETTLEMENT_TAIL,2
S08_CONFIRMED,selection_6,base,OPEN_ASSETS,UNRESOLVED_AT_END,0
S08_CONFIRMED,selection_6,stress,signal_blockers,EVENT_ALREADY_CONSUMED,11
S08_CONFIRMED,selection_6,stress,signal_blockers,NO_ELIGIBLE_CANDIDATE_DAY,36
S08_CONFIRMED,selection_6,stress,signal_blockers,NO_HELD_ASSET_DAY,25
S08_CONFIRMED,selection_6,stress,signal_blockers,NO_PLANNED_CAPACITY,37
S08_CONFIRMED,selection_6,stress,signal_blockers,SETTLEMENT_TAIL,2
S08_CONFIRMED,selection_6,stress,OPEN_ASSETS,UNRESOLVED_AT_END,0
S08_STRICT,selection_1,base,signal_blockers,NO_ELIGIBLE_CANDIDATE_DAY,62
S08_STRICT,selection_1,base,signal_blockers,NO_HELD_ASSET_DAY,62
S08_STRICT,selection_1,base,OPEN_ASSETS,UNRESOLVED_AT_END,0
S08_STRICT,selection_1,stress,signal_blockers,NO_ELIGIBLE_CANDIDATE_DAY,62
S08_STRICT,selection_1,stress,signal_blockers,NO_HELD_ASSET_DAY,62
S08_STRICT,selection_1,stress,OPEN_ASSETS,UNRESOLVED_AT_END,0
S08_STRICT,selection_2,base,signal_blockers,NO_ELIGIBLE_CANDIDATE_DAY,62
S08_STRICT,selection_2,base,signal_blockers,NO_HELD_ASSET_DAY,62
S08_STRICT,selection_2,base,OPEN_ASSETS,UNRESOLVED_AT_END,0
S08_STRICT,selection_2,stress,signal_blockers,NO_ELIGIBLE_CANDIDATE_DAY,62
S08_STRICT,selection_2,stress,signal_blockers,NO_HELD_ASSET_DAY,62
S08_STRICT,selection_2,stress,OPEN_ASSETS,UNRESOLVED_AT_END,0
S08_STRICT,selection_3,base,signal_blockers,NO_ELIGIBLE_CANDIDATE_DAY,61
S08_STRICT,selection_3,base,signal_blockers,NO_HELD_ASSET_DAY,62
S08_STRICT,selection_3,base,signal_blockers,SETTLEMENT_TAIL,1
S08_STRICT,selection_3,base,OPEN_ASSETS,UNRESOLVED_AT_END,0
S08_STRICT,selection_3,stress,signal_blockers,NO_ELIGIBLE_CANDIDATE_DAY,61
S08_STRICT,selection_3,stress,signal_blockers,NO_HELD_ASSET_DAY,62
S08_STRICT,selection_3,stress,signal_blockers,SETTLEMENT_TAIL,1
S08_STRICT,selection_3,stress,OPEN_ASSETS,UNRESOLVED_AT_END,0
S08_STRICT,selection_4,base,signal_blockers,NO_ELIGIBLE_CANDIDATE_DAY,61
S08_STRICT,selection_4,base,signal_blockers,NO_HELD_ASSET_DAY,57
S08_STRICT,selection_4,base,OPEN_ASSETS,UNRESOLVED_AT_END,0
S08_STRICT,selection_4,stress,signal_blockers,NO_ELIGIBLE_CANDIDATE_DAY,61
S08_STRICT,selection_4,stress,signal_blockers,NO_HELD_ASSET_DAY,57
S08_STRICT,selection_4,stress,OPEN_ASSETS,UNRESOLVED_AT_END,0
S08_STRICT,selection_5,base,signal_blockers,NO_ELIGIBLE_CANDIDATE_DAY,62
S08_STRICT,selection_5,base,signal_blockers,NO_HELD_ASSET_DAY,62
S08_STRICT,selection_5,base,OPEN_ASSETS,UNRESOLVED_AT_END,0
S08_STRICT,selection_5,stress,signal_blockers,NO_ELIGIBLE_CANDIDATE_DAY,62
S08_STRICT,selection_5,stress,signal_blockers,NO_HELD_ASSET_DAY,62
S08_STRICT,selection_5,stress,OPEN_ASSETS,UNRESOLVED_AT_END,0
S08_STRICT,selection_6,base,signal_blockers,NO_ELIGIBLE_CANDIDATE_DAY,62
S08_STRICT,selection_6,base,signal_blockers,NO_HELD_ASSET_DAY,62
S08_STRICT,selection_6,base,OPEN_ASSETS,UNRESOLVED_AT_END,0
S08_STRICT,selection_6,stress,signal_blockers,NO_ELIGIBLE_CANDIDATE_DAY,62
S08_STRICT,selection_6,stress,signal_blockers,NO_HELD_ASSET_DAY,62
S08_STRICT,selection_6,stress,OPEN_ASSETS,UNRESOLVED_AT_END,0
BASE_DEF,review,base,signal_blockers,EXISTING_HOLDING,4
BASE_DEF,review,base,signal_blockers,NO_ELIGIBLE_CANDIDATE_DAY,89
BASE_DEF,review,base,signal_blockers,NO_HELD_ASSET_DAY,80
BASE_DEF,review,base,signal_blockers,NO_PLANNED_CAPACITY,145
BASE_DEF,review,base,signal_blockers,SECTOR_ALREADY_ALLOCATED,1
BASE_DEF,review,base,signal_blockers,SETTLEMENT_TAIL,9
BASE_DEF,review,base,OPEN_ASSETS,UNRESOLVED_AT_END,0
BASE_DEF,review,stress,signal_blockers,EXISTING_HOLDING,3
BASE_DEF,review,stress,signal_blockers,NO_ELIGIBLE_CANDIDATE_DAY,89
BASE_DEF,review,stress,signal_blockers,NO_HELD_ASSET_DAY,81
BASE_DEF,review,stress,signal_blockers,NO_PLANNED_CAPACITY,145
BASE_DEF,review,stress,signal_blockers,SECTOR_ALREADY_ALLOCATED,1
BASE_DEF,review,stress,signal_blockers,SETTLEMENT_TAIL,9
BASE_DEF,review,stress,OPEN_ASSETS,UNRESOLVED_AT_END,0
BASE_ENV,review,base,signal_blockers,EXISTING_HOLDING,8
BASE_ENV,review,base,signal_blockers,NO_ELIGIBLE_CANDIDATE_DAY,89
BASE_ENV,review,base,signal_blockers,NO_HELD_ASSET_DAY,78
BASE_ENV,review,base,signal_blockers,NO_PLANNED_CAPACITY,201
BASE_ENV,review,base,signal_blockers,SETTLEMENT_TAIL,19
BASE_ENV,review,base,OPEN_ASSETS,UNRESOLVED_AT_END,0
BASE_ENV,review,stress,signal_blockers,EXISTING_HOLDING,8
BASE_ENV,review,stress,signal_blockers,NO_ELIGIBLE_CANDIDATE_DAY,89
BASE_ENV,review,stress,signal_blockers,NO_HELD_ASSET_DAY,78
BASE_ENV,review,stress,signal_blockers,NO_PLANNED_CAPACITY,201
BASE_ENV,review,stress,signal_blockers,SETTLEMENT_TAIL,19
BASE_ENV,review,stress,OPEN_ASSETS,UNRESOLVED_AT_END,0
S01_CONFIRMED,review,base,signal_blockers,EXISTING_HOLDING,2
S01_CONFIRMED,review,base,signal_blockers,NO_ELIGIBLE_CANDIDATE_DAY,101
S01_CONFIRMED,review,base,signal_blockers,NO_HELD_ASSET_DAY,78
S01_CONFIRMED,review,base,signal_blockers,NO_PLANNED_CAPACITY,63
S01_CONFIRMED,review,base,signal_blockers,SETTLEMENT_TAIL,3
S01_CONFIRMED,review,base,OPEN_ASSETS,UNRESOLVED_AT_END,0
S01_CONFIRMED,review,stress,signal_blockers,EXISTING_HOLDING,2
S01_CONFIRMED,review,stress,signal_blockers,NO_ELIGIBLE_CANDIDATE_DAY,101
S01_CONFIRMED,review,stress,signal_blockers,NO_HELD_ASSET_DAY,79
S01_CONFIRMED,review,stress,signal_blockers,NO_PLANNED_CAPACITY,62
S01_CONFIRMED,review,stress,signal_blockers,SETTLEMENT_TAIL,3
S01_CONFIRMED,review,stress,OPEN_ASSETS,UNRESOLVED_AT_END,0
S01_STRICT,review,base,signal_blockers,NO_ELIGIBLE_CANDIDATE_DAY,125
S01_STRICT,review,base,signal_blockers,NO_HELD_ASSET_DAY,110
S01_STRICT,review,base,signal_blockers,NO_PLANNED_CAPACITY,2
S01_STRICT,review,base,OPEN_ASSETS,UNRESOLVED_AT_END,0
S01_STRICT,review,stress,signal_blockers,NO_ELIGIBLE_CANDIDATE_DAY,125
S01_STRICT,review,stress,signal_blockers,NO_HELD_ASSET_DAY,110
S01_STRICT,review,stress,signal_blockers,NO_PLANNED_CAPACITY,2
S01_STRICT,review,stress,OPEN_ASSETS,UNRESOLVED_AT_END,0
S02_CONFIRMED,review,base,signal_blockers,EVENT_ALREADY_CONSUMED,30
S02_CONFIRMED,review,base,signal_blockers,EXISTING_HOLDING,4
S02_CONFIRMED,review,base,signal_blockers,NO_ELIGIBLE_CANDIDATE_DAY,82
S02_CONFIRMED,review,base,signal_blockers,NO_HELD_ASSET_DAY,73
S02_CONFIRMED,review,base,signal_blockers,NO_PLANNED_CAPACITY,230
S02_CONFIRMED,review,base,signal_blockers,SETTLEMENT_TAIL,8
S02_CONFIRMED,review,base,OPEN_ASSETS,UNRESOLVED_AT_END,0
S02_CONFIRMED,review,stress,signal_blockers,EVENT_ALREADY_CONSUMED,30
S02_CONFIRMED,review,stress,signal_blockers,EXISTING_HOLDING,4
S02_CONFIRMED,review,stress,signal_blockers,NO_ELIGIBLE_CANDIDATE_DAY,82
S02_CONFIRMED,review,stress,signal_blockers,NO_HELD_ASSET_DAY,73
S02_CONFIRMED,review,stress,signal_blockers,NO_PLANNED_CAPACITY,230
S02_CONFIRMED,review,stress,signal_blockers,SETTLEMENT_TAIL,8
S02_CONFIRMED,review,stress,OPEN_ASSETS,UNRESOLVED_AT_END,0
S02_STRICT,review,base,signal_blockers,NO_ELIGIBLE_CANDIDATE_DAY,128
S02_STRICT,review,base,signal_blockers,NO_HELD_ASSET_DAY,116
S02_STRICT,review,base,OPEN_ASSETS,UNRESOLVED_AT_END,0
S02_STRICT,review,stress,signal_blockers,NO_ELIGIBLE_CANDIDATE_DAY,128
S02_STRICT,review,stress,signal_blockers,NO_HELD_ASSET_DAY,116
S02_STRICT,review,stress,OPEN_ASSETS,UNRESOLVED_AT_END,0
S03_CONFIRMED,review,base,signal_blockers,NO_ELIGIBLE_CANDIDATE_DAY,126
S03_CONFIRMED,review,base,signal_blockers,NO_HELD_ASSET_DAY,116
S03_CONFIRMED,review,base,signal_blockers,NO_PLANNED_CAPACITY,1
S03_CONFIRMED,review,base,OPEN_ASSETS,UNRESOLVED_AT_END,0
S03_CONFIRMED,review,stress,signal_blockers,NO_ELIGIBLE_CANDIDATE_DAY,126
S03_CONFIRMED,review,stress,signal_blockers,NO_HELD_ASSET_DAY,116
S03_CONFIRMED,review,stress,signal_blockers,NO_PLANNED_CAPACITY,1
S03_CONFIRMED,review,stress,OPEN_ASSETS,UNRESOLVED_AT_END,0
S03_STRICT,review,base,signal_blockers,NO_ELIGIBLE_CANDIDATE_DAY,131
S03_STRICT,review,base,signal_blockers,NO_HELD_ASSET_DAY,131
S03_STRICT,review,base,OPEN_ASSETS,UNRESOLVED_AT_END,0
S03_STRICT,review,stress,signal_blockers,NO_ELIGIBLE_CANDIDATE_DAY,131
S03_STRICT,review,stress,signal_blockers,NO_HELD_ASSET_DAY,131
S03_STRICT,review,stress,OPEN_ASSETS,UNRESOLVED_AT_END,0
S04_CONFIRMED,review,base,signal_blockers,NO_ELIGIBLE_CANDIDATE_DAY,107
S04_CONFIRMED,review,base,signal_blockers,NO_HELD_ASSET_DAY,88
S04_CONFIRMED,review,base,signal_blockers,NO_PLANNED_CAPACITY,24
S04_CONFIRMED,review,base,signal_blockers,SETTLEMENT_TAIL,1
S04_CONFIRMED,review,base,OPEN_ASSETS,UNRESOLVED_AT_END,0
S04_CONFIRMED,review,stress,signal_blockers,NO_ELIGIBLE_CANDIDATE_DAY,107
S04_CONFIRMED,review,stress,signal_blockers,NO_HELD_ASSET_DAY,88
S04_CONFIRMED,review,stress,signal_blockers,NO_PLANNED_CAPACITY,24
S04_CONFIRMED,review,stress,signal_blockers,SETTLEMENT_TAIL,1
S04_CONFIRMED,review,stress,OPEN_ASSETS,UNRESOLVED_AT_END,0
S04_STRICT,review,base,signal_blockers,NO_ELIGIBLE_CANDIDATE_DAY,126
S04_STRICT,review,base,signal_blockers,NO_HELD_ASSET_DAY,116
S04_STRICT,review,base,signal_blockers,NO_PLANNED_CAPACITY,2
S04_STRICT,review,base,OPEN_ASSETS,UNRESOLVED_AT_END,0
S04_STRICT,review,stress,signal_blockers,NO_ELIGIBLE_CANDIDATE_DAY,126
S04_STRICT,review,stress,signal_blockers,NO_HELD_ASSET_DAY,117
S04_STRICT,review,stress,signal_blockers,NO_PLANNED_CAPACITY,2
S04_STRICT,review,stress,OPEN_ASSETS,UNRESOLVED_AT_END,0
S05_CONFIRMED,review,base,signal_blockers,NO_ELIGIBLE_CANDIDATE_DAY,126
S05_CONFIRMED,review,base,signal_blockers,NO_HELD_ASSET_DAY,116
S05_CONFIRMED,review,base,OPEN_ASSETS,UNRESOLVED_AT_END,0
S05_CONFIRMED,review,stress,signal_blockers,NO_ELIGIBLE_CANDIDATE_DAY,126
S05_CONFIRMED,review,stress,signal_blockers,NO_HELD_ASSET_DAY,116
S05_CONFIRMED,review,stress,OPEN_ASSETS,UNRESOLVED_AT_END,0
S05_STRICT,review,base,signal_blockers,NO_ELIGIBLE_CANDIDATE_DAY,131
S05_STRICT,review,base,signal_blockers,NO_HELD_ASSET_DAY,131
S05_STRICT,review,base,OPEN_ASSETS,UNRESOLVED_AT_END,0
S05_STRICT,review,stress,signal_blockers,NO_ELIGIBLE_CANDIDATE_DAY,131
S05_STRICT,review,stress,signal_blockers,NO_HELD_ASSET_DAY,131
S05_STRICT,review,stress,OPEN_ASSETS,UNRESOLVED_AT_END,0
S06_CONFIRMED,review,base,signal_blockers,EXISTING_HOLDING,1
S06_CONFIRMED,review,base,signal_blockers,NO_ELIGIBLE_CANDIDATE_DAY,125
S06_CONFIRMED,review,base,signal_blockers,NO_HELD_ASSET_DAY,119
S06_CONFIRMED,review,base,signal_blockers,NO_PLANNED_CAPACITY,255
S06_CONFIRMED,review,base,signal_blockers,SETTLEMENT_TAIL,283
S06_CONFIRMED,review,base,OPEN_ASSETS,UNRESOLVED_AT_END,0
S06_CONFIRMED,review,stress,signal_blockers,EXISTING_HOLDING,1
S06_CONFIRMED,review,stress,signal_blockers,NO_ELIGIBLE_CANDIDATE_DAY,125
S06_CONFIRMED,review,stress,signal_blockers,NO_HELD_ASSET_DAY,119
S06_CONFIRMED,review,stress,signal_blockers,NO_PLANNED_CAPACITY,255
S06_CONFIRMED,review,stress,signal_blockers,SETTLEMENT_TAIL,283
S06_CONFIRMED,review,stress,OPEN_ASSETS,UNRESOLVED_AT_END,0
S06_STRICT,review,base,signal_blockers,NO_ELIGIBLE_CANDIDATE_DAY,129
S06_STRICT,review,base,signal_blockers,NO_HELD_ASSET_DAY,124
S06_STRICT,review,base,OPEN_ASSETS,UNRESOLVED_AT_END,0
S06_STRICT,review,stress,signal_blockers,NO_ELIGIBLE_CANDIDATE_DAY,129
S06_STRICT,review,stress,signal_blockers,NO_HELD_ASSET_DAY,124
S06_STRICT,review,stress,OPEN_ASSETS,UNRESOLVED_AT_END,0
S07_CONFIRMED,review,base,signal_blockers,EXISTING_HOLDING,1
S07_CONFIRMED,review,base,signal_blockers,NO_ELIGIBLE_CANDIDATE_DAY,123
S07_CONFIRMED,review,base,signal_blockers,NO_HELD_ASSET_DAY,113
S07_CONFIRMED,review,base,signal_blockers,NO_PLANNED_CAPACITY,5
S07_CONFIRMED,review,base,OPEN_ASSETS,UNRESOLVED_AT_END,0
S07_CONFIRMED,review,stress,signal_blockers,EXISTING_HOLDING,1
S07_CONFIRMED,review,stress,signal_blockers,NO_ELIGIBLE_CANDIDATE_DAY,123
S07_CONFIRMED,review,stress,signal_blockers,NO_HELD_ASSET_DAY,113
S07_CONFIRMED,review,stress,signal_blockers,NO_PLANNED_CAPACITY,5
S07_CONFIRMED,review,stress,OPEN_ASSETS,UNRESOLVED_AT_END,0
S07_STRICT,review,base,signal_blockers,NO_ELIGIBLE_CANDIDATE_DAY,131
S07_STRICT,review,base,signal_blockers,NO_HELD_ASSET_DAY,131
S07_STRICT,review,base,OPEN_ASSETS,UNRESOLVED_AT_END,0
S07_STRICT,review,stress,signal_blockers,NO_ELIGIBLE_CANDIDATE_DAY,131
S07_STRICT,review,stress,signal_blockers,NO_HELD_ASSET_DAY,131
S07_STRICT,review,stress,OPEN_ASSETS,UNRESOLVED_AT_END,0
S08_CONFIRMED,review,base,signal_blockers,EVENT_ALREADY_CONSUMED,7
S08_CONFIRMED,review,base,signal_blockers,NO_ELIGIBLE_CANDIDATE_DAY,108
S08_CONFIRMED,review,base,signal_blockers,NO_HELD_ASSET_DAY,95
S08_CONFIRMED,review,base,signal_blockers,NO_PLANNED_CAPACITY,16
S08_CONFIRMED,review,base,OPEN_ASSETS,UNRESOLVED_AT_END,0
S08_CONFIRMED,review,stress,signal_blockers,EVENT_ALREADY_CONSUMED,7
S08_CONFIRMED,review,stress,signal_blockers,NO_ELIGIBLE_CANDIDATE_DAY,108
S08_CONFIRMED,review,stress,signal_blockers,NO_HELD_ASSET_DAY,95
S08_CONFIRMED,review,stress,signal_blockers,NO_PLANNED_CAPACITY,16
S08_CONFIRMED,review,stress,OPEN_ASSETS,UNRESOLVED_AT_END,0
S08_STRICT,review,base,signal_blockers,NO_ELIGIBLE_CANDIDATE_DAY,131
S08_STRICT,review,base,signal_blockers,NO_HELD_ASSET_DAY,131
S08_STRICT,review,base,OPEN_ASSETS,UNRESOLVED_AT_END,0
S08_STRICT,review,stress,signal_blockers,NO_ELIGIBLE_CANDIDATE_DAY,131
S08_STRICT,review,stress,signal_blockers,NO_HELD_ASSET_DAY,131
S08_STRICT,review,stress,OPEN_ASSETS,UNRESOLVED_AT_END,0
