policy_id,cost,phase,net_return,max_drawdown,win_rate,closed_episodes,wilson_lower,wilson_upper,profit_factor,profit_factor_status,payoff_ratio_return,mean_episode_net_return,primary,diagnostic_rejections
BASE_DEF,base,review,0.06383657000000009,0.022798724262281023,0.5151515151515151,33,0.3521837544891414,0.674959578918663,1.888513907089355,FINITE,2.091920507066756,0.016567857554827408,False,WIN_RATE_BELOW_65_PERCENT|WILSON_LOWER_BELOW_GATE
BASE_DEF,stress,review,0.003585230000000106,0.06496893770499346,0.35294117647058826,34,0.21487920594879492,0.5208603688021826,1.033630075083589,FINITE,2.3824872504532086,0.005827148086744044,False,WIN_RATE_BELOW_65_PERCENT|WILSON_LOWER_BELOW_GATE|PROFIT_FACTOR_BELOW_1_30
BASE_ENV,base,review,0.015244449999999965,0.05079573343960553,0.4,40,0.2634832568429192,0.5540410633965381,1.0988853605855522,FINITE,1.6493762899972797,0.00201585718773824,False,WIN_RATE_BELOW_65_PERCENT|WILSON_LOWER_BELOW_GATE|PROFIT_FACTOR_BELOW_1_30|NOT_ABOVE_BASE_ENV_RETURN
BASE_ENV,stress,review,-0.00782179999999999,0.06023858409414318,0.375,40,0.24222979167233266,0.5296756086269889,0.9531964158859089,FINITE,1.538356111123546,-0.0017368950648739788,False,WIN_RATE_BELOW_65_PERCENT|WILSON_LOWER_BELOW_GATE|PROFIT_FACTOR_BELOW_1_30|NONPOSITIVE_EPISODE_EXPECTANCY|NONPOSITIVE_REVIEW_RETURN|NOT_ABOVE_BASE_ENV_RETURN
S01_CONFIRMED,base,review,-0.01603321999999996,0.03693456179087207,0.37037037037037035,27,0.21532512960965597,0.5577076558789761,0.8100363820418895,FINITE,1.4307516467617616,-0.002913446135172066,False,WIN_RATE_BELOW_65_PERCENT|INSUFFICIENT_TRADES|WILSON_LOWER_BELOW_GATE|PROFIT_FACTOR_BELOW_1_30|NONPOSITIVE_EPISODE_EXPECTANCY|NONPOSITIVE_REVIEW_RETURN|NOT_ABOVE_BASE_ENV_RETURN
S01_CONFIRMED,stress,review,-0.03724793000000004,0.03893220131719166,0.32142857142857145,28,0.1793324692249496,0.5066115681914238,0.60630161699062,FINITE,1.3345624076516822,-0.007383744658187389,False,WIN_RATE_BELOW_65_PERCENT|INSUFFICIENT_TRADES|WILSON_LOWER_BELOW_GATE|PROFIT_FACTOR_BELOW_1_30|NONPOSITIVE_EPISODE_EXPECTANCY|NONPOSITIVE_REVIEW_RETURN|NOT_ABOVE_BASE_ENV_RETURN
S01_STRICT,base,review,-0.0059762199999999766,0.015437064299758774,0.5,8,0.21521606221387757,0.7847839377861224,0.7056307377973754,FINITE,0.7181907940178622,-0.00431997465093118,False,WIN_RATE_BELOW_65_PERCENT|INSUFFICIENT_TRADES|WILSON_LOWER_BELOW_GATE|PROFIT_FACTOR_BELOW_1_30|PAYOFF_RATIO_BELOW_0_80|NONPOSITIVE_EPISODE_EXPECTANCY|NONPOSITIVE_REVIEW_RETURN|NOT_ABOVE_BASE_ENV_RETURN
S01_STRICT,stress,review,-0.018924619999999948,0.01955061732185237,0.375,8,0.13684428582359742,0.6942576053973727,0.3123101320100352,FINITE,0.5297647433390703,-0.014233120094079451,False,WIN_RATE_BELOW_65_PERCENT|INSUFFICIENT_TRADES|WILSON_LOWER_BELOW_GATE|PROFIT_FACTOR_BELOW_1_30|PAYOFF_RATIO_BELOW_0_80|NONPOSITIVE_EPISODE_EXPECTANCY|NONPOSITIVE_REVIEW_RETURN|NOT_ABOVE_BASE_ENV_RETURN
S02_CONFIRMED,base,review,-0.043233560000000004,0.07634850437764884,0.3170731707317073,41,0.19564613898988575,0.4698419964434429,0.7274546212747554,FINITE,1.5135526341177459,-0.006209951620725081,False,WIN_RATE_BELOW_65_PERCENT|WILSON_LOWER_BELOW_GATE|PROFIT_FACTOR_BELOW_1_30|NONPOSITIVE_EPISODE_EXPECTANCY|NONPOSITIVE_REVIEW_RETURN|NOT_ABOVE_BASE_ENV_RETURN
S02_CONFIRMED,stress,review,-0.05427000000000004,0.08582329376198539,0.3170731707317073,41,0.19564613898988575,0.4698419964434429,0.6671075584863558,FINITE,1.3893649328379136,-0.007668889974940232,False,WIN_RATE_BELOW_65_PERCENT|WILSON_LOWER_BELOW_GATE|PROFIT_FACTOR_BELOW_1_30|NONPOSITIVE_EPISODE_EXPECTANCY|NONPOSITIVE_REVIEW_RETURN|NOT_ABOVE_BASE_ENV_RETURN
S02_STRICT,base,review,-0.02483597999999998,0.02483597999999998,0.0,5,0.0,0.43448246478317476,0.0,FINITE,,-0.030028023170575006,False,WIN_RATE_BELOW_65_PERCENT|INSUFFICIENT_TRADES|WILSON_LOWER_BELOW_GATE|PROFIT_FACTOR_BELOW_1_30|PAYOFF_RATIO_BELOW_0_80|NONPOSITIVE_EPISODE_EXPECTANCY|NONPOSITIVE_REVIEW_RETURN|NOT_ABOVE_BASE_ENV_RETURN
S02_STRICT,stress,review,-0.026751039999999948,0.026751039999999948,0.0,5,0.0,0.43448246478317476,0.0,FINITE,,-0.032417407715911,False,WIN_RATE_BELOW_65_PERCENT|INSUFFICIENT_TRADES|WILSON_LOWER_BELOW_GATE|PROFIT_FACTOR_BELOW_1_30|PAYOFF_RATIO_BELOW_0_80|NONPOSITIVE_EPISODE_EXPECTANCY|NONPOSITIVE_REVIEW_RETURN|NOT_ABOVE_BASE_ENV_RETURN
S03_CONFIRMED,base,review,-0.015224409999999966,0.02927806394301069,0.4,5,0.11762077423264783,0.769275718723987,0.3407514122972705,FINITE,0.8875977252606803,-0.006571804450136444,False,WIN_RATE_BELOW_65_PERCENT|INSUFFICIENT_TRADES|WILSON_LOWER_BELOW_GATE|PROFIT_FACTOR_BELOW_1_30|NONPOSITIVE_EPISODE_EXPECTANCY|NONPOSITIVE_REVIEW_RETURN|NOT_ABOVE_BASE_ENV_RETURN
S03_CONFIRMED,stress,review,-0.01702956,0.029957808865487157,0.4,5,0.11762077423264783,0.769275718723987,0.29422618169400033,FINITE,0.7522158605531517,-0.008528133058550701,False,WIN_RATE_BELOW_65_PERCENT|INSUFFICIENT_TRADES|WILSON_LOWER_BELOW_GATE|PROFIT_FACTOR_BELOW_1_30|PAYOFF_RATIO_BELOW_0_80|NONPOSITIVE_EPISODE_EXPECTANCY|NONPOSITIVE_REVIEW_RETURN|NOT_ABOVE_BASE_ENV_RETURN
S03_STRICT,base,review,0.0,-0.0,,0,,,,NO_POSITIVE_OR_NEGATIVE_EPISODES,,,False,WIN_RATE_BELOW_65_PERCENT|INSUFFICIENT_TRADES|WILSON_LOWER_BELOW_GATE|PROFIT_FACTOR_UNDEFINED|PAYOFF_RATIO_UNDEFINED|NONPOSITIVE_EPISODE_EXPECTANCY|NONPOSITIVE_REVIEW_RETURN|NOT_ABOVE_BASE_ENV_RETURN
S03_STRICT,stress,review,0.0,-0.0,,0,,,,NO_POSITIVE_OR_NEGATIVE_EPISODES,,,False,WIN_RATE_BELOW_65_PERCENT|INSUFFICIENT_TRADES|WILSON_LOWER_BELOW_GATE|PROFIT_FACTOR_UNDEFINED|PAYOFF_RATIO_UNDEFINED|NONPOSITIVE_EPISODE_EXPECTANCY|NONPOSITIVE_REVIEW_RETURN
S04_CONFIRMED,base,review,-0.007309499999999969,0.045231408317448984,0.44,25,0.26665638881067344,0.6293266813020123,0.9204019161473197,FINITE,1.0316944768546839,-0.0034826003111068475,False,WIN_RATE_BELOW_65_PERCENT|INSUFFICIENT_TRADES|WILSON_LOWER_BELOW_GATE|PROFIT_FACTOR_BELOW_1_30|NONPOSITIVE_EPISODE_EXPECTANCY|NONPOSITIVE_REVIEW_RETURN|NOT_ABOVE_BASE_ENV_RETURN
S04_CONFIRMED,stress,review,-0.02081405000000003,0.054570852960900695,0.44,25,0.26665638881067344,0.6293266813020123,0.7911670307572881,FINITE,0.8839134127988536,-0.006155475779142237,False,WIN_RATE_BELOW_65_PERCENT|INSUFFICIENT_TRADES|WILSON_LOWER_BELOW_GATE|PROFIT_FACTOR_BELOW_1_30|NONPOSITIVE_EPISODE_EXPECTANCY|NONPOSITIVE_REVIEW_RETURN|NOT_ABOVE_BASE_ENV_RETURN
S04_STRICT,base,review,0.017922430000000045,0.011783110440434674,0.5714285714285714,7,0.2504583645276572,0.8417801447485302,2.3320918513343267,FINITE,1.1001138153079095,0.00534263450841955,False,WIN_RATE_BELOW_65_PERCENT|INSUFFICIENT_TRADES|WILSON_LOWER_BELOW_GATE
S04_STRICT,stress,review,0.012530759999999974,0.011827928602955007,0.5714285714285714,7,0.2504583645276572,0.8417801447485302,1.7432550580391835,FINITE,0.805027065677872,0.001055588872124476,False,WIN_RATE_BELOW_65_PERCENT|INSUFFICIENT_TRADES|WILSON_LOWER_BELOW_GATE
S05_CONFIRMED,base,review,-0.025529789999999997,0.031985851023035194,0.2,5,0.03622410863243014,0.6244653702374747,0.35665626841942527,FINITE,1.4032342053407225,-0.03133062424535572,False,WIN_RATE_BELOW_65_PERCENT|INSUFFICIENT_TRADES|WILSON_LOWER_BELOW_GATE|PROFIT_FACTOR_BELOW_1_30|NONPOSITIVE_EPISODE_EXPECTANCY|NONPOSITIVE_REVIEW_RETURN|NOT_ABOVE_BASE_ENV_RETURN
S05_CONFIRMED,stress,review,-0.02796202999999997,0.033498788877750374,0.2,5,0.03622410863243014,0.6244653702374747,0.3264978794412747,FINITE,1.282420725043382,-0.034300304471745445,False,WIN_RATE_BELOW_65_PERCENT|INSUFFICIENT_TRADES|WILSON_LOWER_BELOW_GATE|PROFIT_FACTOR_BELOW_1_30|NONPOSITIVE_EPISODE_EXPECTANCY|NONPOSITIVE_REVIEW_RETURN|NOT_ABOVE_BASE_ENV_RETURN
S05_STRICT,base,review,0.0,-0.0,,0,,,,NO_POSITIVE_OR_NEGATIVE_EPISODES,,,False,WIN_RATE_BELOW_65_PERCENT|INSUFFICIENT_TRADES|WILSON_LOWER_BELOW_GATE|PROFIT_FACTOR_UNDEFINED|PAYOFF_RATIO_UNDEFINED|NONPOSITIVE_EPISODE_EXPECTANCY|NONPOSITIVE_REVIEW_RETURN|NOT_ABOVE_BASE_ENV_RETURN
S05_STRICT,stress,review,0.0,-0.0,,0,,,,NO_POSITIVE_OR_NEGATIVE_EPISODES,,,False,WIN_RATE_BELOW_65_PERCENT|INSUFFICIENT_TRADES|WILSON_LOWER_BELOW_GATE|PROFIT_FACTOR_UNDEFINED|PAYOFF_RATIO_UNDEFINED|NONPOSITIVE_EPISODE_EXPECTANCY|NONPOSITIVE_REVIEW_RETURN
S06_CONFIRMED,base,review,0.015783139999999918,0.017510293459674142,0.5555555555555556,9,0.26665129349549305,0.8112214789023355,1.6590120126765677,FINITE,1.3261250400122593,0.010491130817654938,False,WIN_RATE_BELOW_65_PERCENT|INSUFFICIENT_TRADES|WILSON_LOWER_BELOW_GATE
S06_CONFIRMED,stress,review,0.01256491999999998,0.017999702149212204,0.4444444444444444,9,0.18877852109766452,0.733348706504507,1.4930631285711986,FINITE,1.8730875558233728,0.008491285518803376,False,WIN_RATE_BELOW_65_PERCENT|INSUFFICIENT_TRADES|WILSON_LOWER_BELOW_GATE
S06_STRICT,base,review,0.0028229799999999194,0.011645497989772102,0.6666666666666666,3,0.2076596008020477,0.9385080552796037,1.4465609972158946,FINITE,0.6886542190537709,0.00504166130273222,False,INSUFFICIENT_TRADES|WILSON_LOWER_BELOW_GATE|PAYOFF_RATIO_BELOW_0_80|NOT_ABOVE_BASE_ENV_RETURN
S06_STRICT,stress,review,0.0016385899999999953,0.011649370032192685,0.6666666666666666,3,0.2076596008020477,0.9385080552796037,1.2474643284321425,FINITE,0.6057549926415456,0.0029575064514256086,False,INSUFFICIENT_TRADES|WILSON_LOWER_BELOW_GATE|PROFIT_FACTOR_BELOW_1_30|PAYOFF_RATIO_BELOW_0_80
S07_CONFIRMED,base,review,-7.259999999997824e-05,0.03373356999999999,0.3333333333333333,9,0.1205838183869109,0.6457978644196036,0.9978722830578631,FINITE,1.1886361566549302,-0.009343903893843495,False,WIN_RATE_BELOW_65_PERCENT|INSUFFICIENT_TRADES|WILSON_LOWER_BELOW_GATE|PROFIT_FACTOR_BELOW_1_30|NONPOSITIVE_EPISODE_EXPECTANCY|NONPOSITIVE_REVIEW_RETURN|NOT_ABOVE_BASE_ENV_RETURN
S07_CONFIRMED,stress,review,-0.004308450000000019,0.03578530999999996,0.3333333333333333,9,0.1205838183869109,0.6457978644196036,0.8817917057063567,FINITE,1.0517996830059422,-0.01166051801065701,False,WIN_RATE_BELOW_65_PERCENT|INSUFFICIENT_TRADES|WILSON_LOWER_BELOW_GATE|PROFIT_FACTOR_BELOW_1_30|NONPOSITIVE_EPISODE_EXPECTANCY|NONPOSITIVE_REVIEW_RETURN
S07_STRICT,base,review,0.0,-0.0,,0,,,,NO_POSITIVE_OR_NEGATIVE_EPISODES,,,False,WIN_RATE_BELOW_65_PERCENT|INSUFFICIENT_TRADES|WILSON_LOWER_BELOW_GATE|PROFIT_FACTOR_UNDEFINED|PAYOFF_RATIO_UNDEFINED|NONPOSITIVE_EPISODE_EXPECTANCY|NONPOSITIVE_REVIEW_RETURN|NOT_ABOVE_BASE_ENV_RETURN
S07_STRICT,stress,review,0.0,-0.0,,0,,,,NO_POSITIVE_OR_NEGATIVE_EPISODES,,,False,WIN_RATE_BELOW_65_PERCENT|INSUFFICIENT_TRADES|WILSON_LOWER_BELOW_GATE|PROFIT_FACTOR_UNDEFINED|PAYOFF_RATIO_UNDEFINED|NONPOSITIVE_EPISODE_EXPECTANCY|NONPOSITIVE_REVIEW_RETURN
S08_CONFIRMED,base,review,-0.06399677999999998,0.08496109900486437,0.2608695652173913,23,0.12548616044986347,0.4647000483742537,0.47795973790302526,FINITE,1.5869600785936804,-0.012094192467903345,False,WIN_RATE_BELOW_65_PERCENT|INSUFFICIENT_TRADES|WILSON_LOWER_BELOW_GATE|PROFIT_FACTOR_BELOW_1_30|NONPOSITIVE_EPISODE_EXPECTANCY|NONPOSITIVE_REVIEW_RETURN|NOT_ABOVE_BASE_ENV_RETURN
S08_CONFIRMED,stress,review,-0.07312061999999997,0.09364835189012843,0.2608695652173913,23,0.12548616044986347,0.4647000483742537,0.43572897996376414,FINITE,1.443490400422603,-0.014285895827342127,False,WIN_RATE_BELOW_65_PERCENT|INSUFFICIENT_TRADES|WILSON_LOWER_BELOW_GATE|PROFIT_FACTOR_BELOW_1_30|NONPOSITIVE_EPISODE_EXPECTANCY|NONPOSITIVE_REVIEW_RETURN|NOT_ABOVE_BASE_ENV_RETURN
S08_STRICT,base,review,0.0,-0.0,,0,,,,NO_POSITIVE_OR_NEGATIVE_EPISODES,,,False,WIN_RATE_BELOW_65_PERCENT|INSUFFICIENT_TRADES|WILSON_LOWER_BELOW_GATE|PROFIT_FACTOR_UNDEFINED|PAYOFF_RATIO_UNDEFINED|NONPOSITIVE_EPISODE_EXPECTANCY|NONPOSITIVE_REVIEW_RETURN|NOT_ABOVE_BASE_ENV_RETURN
S08_STRICT,stress,review,0.0,-0.0,,0,,,,NO_POSITIVE_OR_NEGATIVE_EPISODES,,,False,WIN_RATE_BELOW_65_PERCENT|INSUFFICIENT_TRADES|WILSON_LOWER_BELOW_GATE|PROFIT_FACTOR_UNDEFINED|PAYOFF_RATIO_UNDEFINED|NONPOSITIVE_EPISODE_EXPECTANCY|NONPOSITIVE_REVIEW_RETURN
