policy_id,cost,account_reset,annualization_basis,annualized_return,annualized_volatility,average_exposure,average_net_loss_cny,average_net_loss_return,average_net_win_cny,average_net_win_return,closed_episode_count,end_date,end_position_count,flat_day_ratio,loss_count,max_drawdown,max_holding_sessions,maximum_episode_loss_cny,maximum_episode_loss_return,mean_episode_net_return,mean_holding_sessions,nav_complete,negative_pnl_abs_cny,net_return,payoff_ratio_cny,payoff_ratio_return,payoff_status,positive_day_ratio,positive_pnl_cny,profit_factor,profit_factor_status,return_days,sharpe,start_date,sum_episode_net_return,sum_negative_episode_return,sum_positive_episode_return,trade_attribution,win_rate,wins,zero_count
BASE_DEF,base,False,252_PER_ACTUAL_ACCOUNT_TRADING_DAYS,0.01808545648339721,0.04341507616525,0.11566677983017172,-7098.064,-0.03817042263275191,5024.4625,0.04265480992101685,13,20260625,0,0.7121212121212122,5,0.014643890226688216,5.0,10147.19,0.04551433829997511,0.011568182015721167,3.8461538461538463,True,35490.32,0.004705380000000092,0.7078637921551566,1.1174833019642056,FINITE,0.16666666666666666,40195.7,1.1325820674482505,FINITE,66,0.4346049032108216,20260319,0.15038636620437518,-0.19085211316375955,0.3412384793681348,WHOLE_EPISODE_ATTRIBUTED_TO_EXIT_SEGMENT,0.6153846153846154,8,0
BASE_DEF,base,False,252_PER_ACTUAL_ACCOUNT_TRADING_DAYS,0.24402491877372712,0.08834624948936301,0.18543899252535992,-3305.102727272727,-0.023301622383842733,10609.702222222222,0.07251897548079993,20,20260928,0,0.5151515151515151,11,0.022798724262281023,5.0,7345.4,0.04781538656346234,0.019817646655246463,4.0,True,36356.13,0.0588542583498457,3.2100975666124105,3.112185679014537,FINITE,0.24242424242424243,95487.32,2.6264434635919724,FINITE,66,2.51633399130446,20260626,0.39635293310492925,-0.25631784622227005,0.6526707793271993,WHOLE_EPISODE_ATTRIBUTED_TO_EXIT_SEGMENT,0.45,9,0
BASE_DEF,stress,False,252_PER_ACTUAL_ACCOUNT_TRADING_DAYS,-0.1498929758680616,0.04701740354624881,0.12061254775867157,-6840.035555555556,-0.03571468852913242,4980.1475,0.04771407293800542,13,20260625,0,0.7272727272727273,9,0.04210861783157149,5.0,13899.73,0.048223608322504594,-0.0100443003853977,3.8461538461538463,True,61560.31999999999,-0.041639729999999986,0.7280879550333721,1.3359789740035146,FINITE,0.12121212121212122,19920.59,0.3235946466814988,FINITE,66,-3.4291507102825967,20260319,-0.1305759050101701,-0.32143219676219176,0.19085629175202168,WHOLE_EPISODE_ATTRIBUTED_TO_EXIT_SEGMENT,0.3076923076923077,4,0
BASE_DEF,stress,False,252_PER_ACTUAL_ACCOUNT_TRADING_DAYS,0.19250675216993862,0.08885996217531554,0.18196482957264734,-3465.194615384615,-0.026153493487208856,11284.061249999999,0.08358679441164785,21,20260928,0,0.5151515151515151,13,0.029847356184576013,5.0,7531.74,0.049795979249624985,0.015652330474260363,3.857142857142857,True,45047.53,0.04718993620217593,3.2564004341636488,3.196008764661916,FINITE,0.2727272727272727,90272.48999999999,2.0039387287160917,FINITE,66,2.025981339850772,20260626,0.3286989399594676,-0.33999541533371513,0.6686943552931828,WHOLE_EPISODE_ATTRIBUTED_TO_EXIT_SEGMENT,0.38095238095238093,8,0
BASE_ENV,base,False,252_PER_ACTUAL_ACCOUNT_TRADING_DAYS,0.022380599202337814,0.07208316021216585,0.15795058983809,-8446.187142857143,-0.03383033971784683,7215.233333333334,0.04418436697312866,16,20260625,0,0.696969696969697,7,0.024712252577357097,5.0,12267.49,0.045514396889707466,0.01005293279582688,3.25,True,59123.31,0.00581378999999993,0.8542592309756225,1.306057442568916,FINITE,0.13636363636363635,64937.100000000006,1.0983332969686577,FINITE,66,0.34293633894862974,20260319,0.1608469247332301,-0.23681237802492783,0.3976593027581579,WHOLE_EPISODE_ATTRIBUTED_TO_EXIT_SEGMENT,0.5625,9,0
BASE_ENV,base,False,252_PER_ACTUAL_ACCOUNT_TRADING_DAYS,0.036275516673151875,0.09721696209289446,0.20764935576925145,-5590.5617647058825,-0.033699842588632234,14924.315714285714,0.07038352668329252,24,20260928,0,0.5,17,0.05079573343960553,5.0,16601.95,0.1003337397178306,-0.0033421932176541853,3.3333333333333335,True,95039.55,0.009376149038481607,2.6695556443907527,2.0885417045548627,FINITE,0.22727272727272727,104470.20999999999,1.0992287947491333,FINITE,66,0.41462050846707527,20260626,-0.08021263722370045,-0.572897324006748,0.4926846867830476,WHOLE_EPISODE_ATTRIBUTED_TO_EXIT_SEGMENT,0.2916666666666667,7,0
BASE_ENV,stress,False,252_PER_ACTUAL_ACCOUNT_TRADING_DAYS,0.008496844401775894,0.06994830016420234,0.15148360633096553,-8551.081428571428,-0.03564140215526367,6897.332222222222,0.04224573753572573,16,20260625,0,0.696969696969697,7,0.02707962129485375,5.0,11499.28,0.048223608322504594,0.008170113920917866,3.3125,True,59857.57000000001,0.002218419999999943,0.8066035015379937,1.185299538769316,FINITE,0.13636363636363635,62075.990000000005,1.037061644834563,FINITE,66,0.15578298527096582,20260319,0.13072182273468586,-0.24948981508684573,0.3802116378215316,WHOLE_EPISODE_ATTRIBUTED_TO_EXIT_SEGMENT,0.5625,9,0
BASE_ENV,stress,False,252_PER_ACTUAL_ACCOUNT_TRADING_DAYS,-0.037713846648693816,0.09637308627076806,0.20822655166465898,-5959.00611111111,-0.03627519497266087,16203.648333333333,0.07545931402970844,24,20260928,0,0.5,18,0.06023858409414318,5.0,16639.14,0.1020921943845041,-0.008341567722068543,3.3333333333333335,True,107262.11,-0.010017995877585228,2.7191863930329174,2.0801904465731758,FINITE,0.19696969696969696,97221.89,0.9063954643443057,FINITE,66,-0.35123231443483605,20260626,-0.20019762532964502,-0.6529535095078957,0.45275588417825063,WHOLE_EPISODE_ATTRIBUTED_TO_EXIT_SEGMENT,0.25,6,0
S01_CONFIRMED,base,False,252_PER_ACTUAL_ACCOUNT_TRADING_DAYS,-0.0869443649667293,0.034354584002964504,0.09750574662757855,-4288.551666666667,-0.02573715225839779,2190.37,0.006745564531937054,7,20260625,0,0.696969696969697,6,0.032435533996178934,5.0,7230.24,0.043536918171435464,-0.02109676414549281,4.142857142857143,True,25731.31,-0.023540939999999955,0.510748189656881,0.26209444091609013,FINITE,0.10606060606060606,2190.37,0.08512469827614684,FINITE,66,-2.6299612795403196,20260319,-0.14767734901844967,-0.15442291355038673,0.006745564531937054,WHOLE_EPISODE_ATTRIBUTED_TO_EXIT_SEGMENT,0.14285714285714285,1,0
S01_CONFIRMED,base,False,252_PER_ACTUAL_ACCOUNT_TRADING_DAYS,0.029676470198121807,0.07269345953858429,0.21296404156479326,-5333.6563636363635,-0.031113235764551897,7353.104444444445,0.045695544086541647,20,20260928,0,0.5,11,0.03693456179087207,5.0,11293.68,0.06737590154511387,0.003450715168440196,4.0,True,58670.22,0.007688719688872636,1.3786235826095232,1.4686850455651979,FINITE,0.25757575757575757,66177.94,1.1279647494077916,FINITE,66,0.4384858917555806,20260626,0.06901430336880392,-0.3422455934100709,0.4112598967788748,WHOLE_EPISODE_ATTRIBUTED_TO_EXIT_SEGMENT,0.45,9,0
S01_CONFIRMED,stress,False,252_PER_ACTUAL_ACCOUNT_TRADING_DAYS,-0.09146385296632009,0.03440891492647802,0.09495170068923078,-4405.2716666666665,-0.026220228755594863,1622.5,0.0049923580767215125,7,20260625,0,0.7121212121212122,6,0.03265878958277724,5.0,7560.17,0.04547429100197099,-0.021761287779549665,4.0,True,26431.63,-0.024809129999999957,0.3683087270819091,0.19040101149599029,FINITE,0.09090909090909091,1622.5,0.06138478784698484,FINITE,66,-2.7699089758284425,20260319,-0.15232901445684766,-0.15732137253356918,0.0049923580767215125,WHOLE_EPISODE_ATTRIBUTED_TO_EXIT_SEGMENT,0.14285714285714285,1,0
S01_CONFIRMED,stress,False,252_PER_ACTUAL_ACCOUNT_TRADING_DAYS,-0.04783326653218534,0.0748794860144434,0.2178537410090084,-5244.514615384615,-0.03113318452816114,6967.48625,0.04378944536171196,21,20260928,0,0.5,13,0.03893220131719166,5.0,11261.14,0.06923396195628484,-0.0025912302843999623,3.9047619047619047,True,68178.69,-0.012755246570345768,1.3285283312131695,1.4065199569322167,FINITE,0.19696969696969696,55739.89,0.8175558961311812,FINITE,66,-0.6172512243961552,20260626,-0.054415835972399206,-0.4047313988660948,0.3503155628936957,WHOLE_EPISODE_ATTRIBUTED_TO_EXIT_SEGMENT,0.38095238095238093,8,0
S01_STRICT,base,False,252_PER_ACTUAL_ACCOUNT_TRADING_DAYS,-0.027326346023572756,0.010483185562646647,0.009890044863163082,-7230.24,-0.043536918171435464,,,1,20260625,0,0.9393939393939394,1,0.008042187228487818,4.0,7230.24,0.043536918171435464,-0.043536918171435464,4.0,True,7230.24,-0.007230240000000054,,,NO_OBSERVED_WINS,0.015151515151515152,0.0,0.0,FINITE,66,-2.6375602242454663,20260319,-0.043536918171435464,-0.043536918171435464,0.0,WHOLE_EPISODE_ATTRIBUTED_TO_EXIT_SEGMENT,0.0,0,0
S01_STRICT,base,False,252_PER_ACTUAL_ACCOUNT_TRADING_DAYS,0.004831538355441589,0.0284280651391448,0.07749527789734786,-4357.18,-0.02636617540457592,3581.3900000000003,0.022018911794428442,7,20260928,0,0.7424242424242424,3,0.010725931472562511,5.0,7285.1,0.04412426409339025,0.001282445851998003,4.428571428571429,True,13071.54,0.001263152898613562,0.8219513538573114,0.8351196734664444,FINITE,0.12121212121212122,14325.560000000001,1.095935138476415,FINITE,66,0.18371723517049734,20260626,0.008977120963986021,-0.07909852621372776,0.08807564717771377,WHOLE_EPISODE_ATTRIBUTED_TO_EXIT_SEGMENT,0.5714285714285714,4,0
S01_STRICT,stress,False,252_PER_ACTUAL_ACCOUNT_TRADING_DAYS,-0.028560000797664853,0.010471494061139642,0.00989183198630881,-7560.17,-0.04547429100197099,,,1,20260625,0,0.9393939393939394,1,0.008193418666050056,4.0,7560.17,0.04547429100197099,-0.04547429100197099,4.0,True,7560.17,-0.007560169999999977,,,NO_OBSERVED_WINS,0.015151515151515152,0.0,0.0,FINITE,66,-2.7617005162548693,20260319,-0.04547429100197099,-0.04547429100197099,0.0,WHOLE_EPISODE_ATTRIBUTED_TO_EXIT_SEGMENT,0.0,0,0
S01_STRICT,stress,False,252_PER_ACTUAL_ACCOUNT_TRADING_DAYS,-0.04302148830174379,0.026497903645699504,0.0701864697838767,-4989.7375,-0.03036214532945255,2864.8333333333335,0.01768597052238186,7,20260928,0,0.7424242424242424,4,0.014207098210557656,5.0,7584.65,0.04599123755245957,-0.009770095678666374,4.0,True,19958.95,-0.011451021670502715,0.5741450994833562,0.582500687302413,FINITE,0.10606060606060606,8594.5,0.43060882461251715,FINITE,66,-1.6461696128722427,20260626,-0.06839066975066461,-0.1214485813178102,0.05305791156714558,WHOLE_EPISODE_ATTRIBUTED_TO_EXIT_SEGMENT,0.42857142857142855,3,0
S02_CONFIRMED,base,False,252_PER_ACTUAL_ACCOUNT_TRADING_DAYS,-0.07340690134582928,0.06926853535968572,0.16826101956294034,-6379.7570000000005,-0.026381704026058717,8805.558,0.053473916115178356,15,20260625,0,0.6818181818181818,10,0.04399364787137239,5.0,15529.94,0.0531621342498142,0.00023683602102031,3.8,True,63797.57,-0.01976977999999996,1.380234074746107,2.026931848767582,FINITE,0.18181818181818182,44027.79,0.6901170373730535,FINITE,66,-1.0657084840037916,20260319,0.0035525403153046503,-0.26381704026058717,0.2673695805758918,WHOLE_EPISODE_ATTRIBUTED_TO_EXIT_SEGMENT,0.3333333333333333,5,0
S02_CONFIRMED,base,False,252_PER_ACTUAL_ACCOUNT_TRADING_DAYS,-0.08835762759963539,0.11235356116534191,0.273749273879234,-5268.404444444444,-0.03292467039672162,8920.9375,0.04181043879699452,26,20260928,0,0.4393939393939394,18,0.048607050698763365,5.0,11645.64,0.07246828729915736,-0.009929252183270497,3.923076923076923,True,94831.28,-0.02393700940989152,1.6932901780931355,1.2698817723368212,FINITE,0.21212121212121213,71367.5,0.752573412485838,FINITE,66,-0.7671615382334981,20260626,-0.2581605567650329,-0.5926440671409892,0.33448351037595614,WHOLE_EPISODE_ATTRIBUTED_TO_EXIT_SEGMENT,0.3076923076923077,8,0
S02_CONFIRMED,stress,False,252_PER_ACTUAL_ACCOUNT_TRADING_DAYS,-0.0943060470520205,0.06982071795733158,0.1684594672519275,-6781.539999999999,-0.028423055248787115,8441.27,0.051272026842328365,15,20260625,0,0.6818181818181818,10,0.04918052326345501,5.0,16034.52,0.05479582286451979,-0.0018580278850819532,3.8,True,67815.4,-0.025609050000000022,1.2447423446591779,1.8038886528398903,FINITE,0.18181818181818182,42206.35,0.6223711723295889,FINITE,66,-1.3833372224309626,20260319,-0.027870418276229297,-0.28423055248787116,0.25636013421164183,WHOLE_EPISODE_ATTRIBUTED_TO_EXIT_SEGMENT,0.3333333333333333,5,0
S02_CONFIRMED,stress,False,252_PER_ACTUAL_ACCOUNT_TRADING_DAYS,-0.10773642368094227,0.11132797672648743,0.27124664697235196,-5289.457222222223,-0.033423759493922525,8318.66,0.039384200024285665,26,20260928,0,0.4393939393939394,18,0.05306506592656679,5.0,11694.79,0.0743447988697099,-0.01102131041139693,3.8846153846153846,True,95210.23000000001,-0.029414220236753996,1.572686884592128,1.1783294464958955,FINITE,0.21212121212121213,66549.28,0.6989719487076125,FINITE,66,-0.9681501968529185,20260626,-0.28655407069632016,-0.6016276708906054,0.3150736001942853,WHOLE_EPISODE_ATTRIBUTED_TO_EXIT_SEGMENT,0.3076923076923077,8,0
S02_STRICT,base,False,252_PER_ACTUAL_ACCOUNT_TRADING_DAYS,0.0,0.0,0.0,,,,,0,20260625,0,1.0,0,-0.0,,,,,,True,-0.0,0.0,,,NO_OBSERVED_WINS,0.0,0.0,,NO_POSITIVE_OR_NEGATIVE_EPISODES,66,,20260319,0.0,0.0,0.0,WHOLE_EPISODE_ATTRIBUTED_TO_EXIT_SEGMENT,,0,0
S02_STRICT,base,False,252_PER_ACTUAL_ACCOUNT_TRADING_DAYS,-0.09155936028008094,0.017929661767362777,0.05255130553904204,-4967.196,-0.030028023170575006,,,5,20260928,0,0.7727272727272727,5,0.02483597999999998,5.0,7572.45,0.04547318850675212,-0.030028023170575006,4.2,True,24835.98,-0.02483597999999998,,,NO_OBSERVED_WINS,0.030303030303030304,0.0,0.0,FINITE,66,-5.34567776990196,20260626,-0.15014011585287504,-0.15014011585287504,0.0,WHOLE_EPISODE_ATTRIBUTED_TO_EXIT_SEGMENT,0.0,0,0
S02_STRICT,stress,False,252_PER_ACTUAL_ACCOUNT_TRADING_DAYS,0.0,0.0,0.0,,,,,0,20260625,0,1.0,0,-0.0,,,,,,True,-0.0,0.0,,,NO_OBSERVED_WINS,0.0,0.0,,NO_POSITIVE_OR_NEGATIVE_EPISODES,66,,20260319,0.0,0.0,0.0,WHOLE_EPISODE_ATTRIBUTED_TO_EXIT_SEGMENT,,0,0
S02_STRICT,stress,False,252_PER_ACTUAL_ACCOUNT_TRADING_DAYS,-0.09835227019671078,0.01857116647748344,0.052445880541774945,-5350.2080000000005,-0.032417407715911,,,5,20260928,0,0.7727272727272727,5,0.026751039999999948,5.0,7829.22,0.04727866368851863,-0.032417407715911,4.2,True,26751.04,-0.026751039999999948,,,NO_OBSERVED_WINS,0.030303030303030304,0.0,0.0,FINITE,66,-5.564382817189851,20260626,-0.162087038579555,-0.162087038579555,0.0,WHOLE_EPISODE_ATTRIBUTED_TO_EXIT_SEGMENT,0.0,0,0
S03_CONFIRMED,base,False,252_PER_ACTUAL_ACCOUNT_TRADING_DAYS,0.0,0.0,0.0,,,,,0,20260625,0,1.0,0,-0.0,,,,,,True,-0.0,0.0,,,NO_OBSERVED_WINS,0.0,0.0,,NO_POSITIVE_OR_NEGATIVE_EPISODES,66,,20260319,0.0,0.0,0.0,WHOLE_EPISODE_ATTRIBUTED_TO_EXIT_SEGMENT,,0,0
S03_CONFIRMED,base,False,252_PER_ACTUAL_ACCOUNT_TRADING_DAYS,-0.0568940068130841,0.045735476919077575,0.07077008814659239,-7697.86,-0.026827972074948015,3934.585,0.02381244698708091,5,20260928,0,0.7727272727272727,3,0.02927806394301069,5.0,19266.76,0.05751429248120889,-0.006571804450136444,4.8,True,23093.579999999998,-0.015224409999999966,0.5111271184459057,0.8875977252606803,FINITE,0.13636363636363635,7869.17,0.3407514122972705,FINITE,66,-1.257548395356192,20260626,-0.03285902225068222,-0.08048391622484405,0.04762489397416182,WHOLE_EPISODE_ATTRIBUTED_TO_EXIT_SEGMENT,0.4,2,0
S03_CONFIRMED,stress,False,252_PER_ACTUAL_ACCOUNT_TRADING_DAYS,0.0,0.0,0.0,,,,,0,20260625,0,1.0,0,-0.0,,,,,,True,-0.0,0.0,,,NO_OBSERVED_WINS,0.0,0.0,,NO_POSITIVE_OR_NEGATIVE_EPISODES,66,,20260319,0.0,0.0,0.0,WHOLE_EPISODE_ATTRIBUTED_TO_EXIT_SEGMENT,,0,0
S03_CONFIRMED,stress,False,252_PER_ACTUAL_ACCOUNT_TRADING_DAYS,-0.06347772404607033,0.04617640748563825,0.07075975952357713,-8042.973333333334,-0.028511346418965047,3549.68,0.021446686982070813,5,20260928,0,0.7727272727272727,3,0.029957808865487157,5.0,19708.25,0.05901459925049894,-0.008528133058550701,4.8,True,24128.920000000002,-0.01702956,0.4413392725410005,0.7522158605531517,FINITE,0.12121212121212122,7099.36,0.29422618169400033,FINITE,66,-1.396759115764979,20260626,-0.0426406652927535,-0.08553403925689514,0.042893373964141626,WHOLE_EPISODE_ATTRIBUTED_TO_EXIT_SEGMENT,0.4,2,0
S03_STRICT,base,False,252_PER_ACTUAL_ACCOUNT_TRADING_DAYS,0.0,0.0,0.0,,,,,0,20260625,0,1.0,0,-0.0,,,,,,True,-0.0,0.0,,,NO_OBSERVED_WINS,0.0,0.0,,NO_POSITIVE_OR_NEGATIVE_EPISODES,66,,20260319,0.0,0.0,0.0,WHOLE_EPISODE_ATTRIBUTED_TO_EXIT_SEGMENT,,0,0
S03_STRICT,base,False,252_PER_ACTUAL_ACCOUNT_TRADING_DAYS,0.0,0.0,0.0,,,,,0,20260928,0,1.0,0,-0.0,,,,,,True,-0.0,0.0,,,NO_OBSERVED_WINS,0.0,0.0,,NO_POSITIVE_OR_NEGATIVE_EPISODES,66,,20260626,0.0,0.0,0.0,WHOLE_EPISODE_ATTRIBUTED_TO_EXIT_SEGMENT,,0,0
S03_STRICT,stress,False,252_PER_ACTUAL_ACCOUNT_TRADING_DAYS,0.0,0.0,0.0,,,,,0,20260625,0,1.0,0,-0.0,,,,,,True,-0.0,0.0,,,NO_OBSERVED_WINS,0.0,0.0,,NO_POSITIVE_OR_NEGATIVE_EPISODES,66,,20260319,0.0,0.0,0.0,WHOLE_EPISODE_ATTRIBUTED_TO_EXIT_SEGMENT,,0,0
S03_STRICT,stress,False,252_PER_ACTUAL_ACCOUNT_TRADING_DAYS,0.0,0.0,0.0,,,,,0,20260928,0,1.0,0,-0.0,,,,,,True,-0.0,0.0,,,NO_OBSERVED_WINS,0.0,0.0,,NO_POSITIVE_OR_NEGATIVE_EPISODES,66,,20260626,0.0,0.0,0.0,WHOLE_EPISODE_ATTRIBUTED_TO_EXIT_SEGMENT,,0,0
S04_CONFIRMED,base,False,252_PER_ACTUAL_ACCOUNT_TRADING_DAYS,0.002618133124010713,0.08970704707581048,0.10526870034632262,-9640.829999999998,-0.04648009432959574,9777.838,0.03349865502319301,10,20260625,0,0.7878787878787878,5,0.037101670997576774,5.0,18201.57,0.05385088177441693,-0.006490719653201363,3.3,True,48204.149999999994,0.0006850400000000256,1.014211224552243,0.7207097039358432,FINITE,0.045454545454545456,48889.189999999995,1.014211224552243,FINITE,66,0.07346307537984612,20260319,-0.06490719653201363,-0.2324004716479787,0.16749327511596507,WHOLE_EPISODE_ATTRIBUTED_TO_EXIT_SEGMENT,0.5,5,0
S04_CONFIRMED,base,False,252_PER_ACTUAL_ACCOUNT_TRADING_DAYS,-0.030161980844535474,0.07034692569897079,0.20355201682416577,-4847.327777777778,-0.02525883770623571,5938.568333333334,0.03419528801841064,15,20260928,0,0.5606060606060606,9,0.026937918319513976,5.0,13541.33,0.08101071581551951,-0.0014771874163771728,4.4,True,43625.950000000004,-0.007989067169426267,1.2251220890318721,1.3537949931072546,FINITE,0.22727272727272727,35631.41,0.8167480593545814,FINITE,66,-0.40005281423845795,20260626,-0.02215781124565759,-0.2273295393561214,0.20517172811046383,WHOLE_EPISODE_ATTRIBUTED_TO_EXIT_SEGMENT,0.4,6,0
S04_CONFIRMED,stress,False,252_PER_ACTUAL_ACCOUNT_TRADING_DAYS,-0.01676704861160616,0.08842455977633894,0.1052555980600223,-10094.588,-0.04899293816997893,9210.826,0.03149648481459334,10,20260625,0,0.7878787878787878,5,0.03874082826671332,5.0,18701.11,0.05678021274230798,-0.008748226677692792,3.3,True,50472.94,-0.004418809999999995,0.9124518999685771,0.6428780553090656,FINITE,0.045454545454545456,46054.13,0.9124518999685771,FINITE,66,-0.14749196047855842,20260319,-0.08748226677692791,-0.24496469084989464,0.1574824240729667,WHOLE_EPISODE_ATTRIBUTED_TO_EXIT_SEGMENT,0.5,5,0
S04_CONFIRMED,stress,False,252_PER_ACTUAL_ACCOUNT_TRADING_DAYS,-0.06143329029105116,0.06998754483053798,0.20055158463547135,-5466.163333333334,-0.028751370054659473,5466.704999999999,0.03205961713171787,15,20260928,0,0.5606060606060606,9,0.03118146434372604,5.0,13694.07,0.08286819806039544,-0.004426975180108535,4.333333333333333,True,49195.47,-0.01646800900286194,1.0000990944897972,1.1150639802822984,FINITE,0.21212121212121213,32800.229999999996,0.666732729659865,FINITE,66,-0.8706783050513431,20260626,-0.06640462770162803,-0.25876233049193526,0.19235770279030723,WHOLE_EPISODE_ATTRIBUTED_TO_EXIT_SEGMENT,0.4,6,0
S04_STRICT,base,False,252_PER_ACTUAL_ACCOUNT_TRADING_DAYS,0.07910621953553543,0.03509108177062767,0.02513982179595898,-6712.07,-0.0403280937399699,13425.91,0.04540848254536869,3,20260625,0,0.9090909090909091,1,0.007707979999999948,5.0,6712.07,0.0403280937399699,0.016829623783589157,3.0,True,6712.07,0.020139750000000012,2.000263704043611,1.125976418279437,FINITE,0.045454545454545456,26851.82,4.000527408087222,FINITE,66,2.1873306953375744,20260319,0.050488871350767475,-0.0403280937399699,0.09081696509073738,WHOLE_EPISODE_ATTRIBUTED_TO_EXIT_SEGMENT,0.6666666666666666,2,0
S04_STRICT,base,False,252_PER_ACTUAL_ACCOUNT_TRADING_DAYS,-0.008273607255323667,0.0214792742229876,0.047744179619739514,-3371.1400000000003,-0.01989268603062186,2262.48,0.013347471134706546,4,20260928,0,0.8636363636363636,2,0.011783110440434674,5.0,3597.27,0.021194372630025996,-0.0032726074479576556,4.75,True,6742.280000000001,-0.002173545340234062,0.6711320206221041,0.6709737998257289,FINITE,0.07575757575757576,4524.96,0.6711320206221041,FINITE,66,-0.3760503156749846,20260626,-0.013090429791830623,-0.03978537206124372,0.026694942269413092,WHOLE_EPISODE_ATTRIBUTED_TO_EXIT_SEGMENT,0.5,2,0
S04_STRICT,stress,False,252_PER_ACTUAL_ACCOUNT_TRADING_DAYS,0.07199101552802234,0.03431158099471692,0.025133697190887924,-7310.33,-0.043982092455570616,12842.050000000001,0.043097089790913756,3,20260625,0,0.9090909090909091,1,0.008468290000000045,5.0,7310.33,0.043982092455570616,0.014070695708752301,3.0,True,7310.33,0.018373769999999956,1.7566990819839872,0.9798781136765864,FINITE,0.045454545454545456,25684.100000000002,3.5133981639679743,FINITE,66,2.0433864432084134,20260319,0.0422120871262569,-0.043982092455570616,0.08619417958182751,WHOLE_EPISODE_ATTRIBUTED_TO_EXIT_SEGMENT,0.6666666666666666,2,0
S04_STRICT,stress,False,252_PER_ACTUAL_ACCOUNT_TRADING_DAYS,-0.02173065799228935,0.019960060466770613,0.04514060113722856,-4774.485000000001,-0.028364551607427096,1852.98,0.010953069096734313,4,20260928,0,0.8787878787878788,2,0.011827928602955007,5.0,5693.18,0.03361336897154904,-0.008705741255346393,4.5,True,9548.970000000001,-0.005737588861896903,0.3881004967027857,0.38615343716085093,FINITE,0.045454545454545456,3705.96,0.3881004967027857,FINITE,66,-1.0906817645931504,20260626,-0.03482296502138557,-0.05672910321485419,0.021906138193468625,WHOLE_EPISODE_ATTRIBUTED_TO_EXIT_SEGMENT,0.5,2,0
S05_CONFIRMED,base,False,252_PER_ACTUAL_ACCOUNT_TRADING_DAYS,-0.04211477236957428,0.05276040250476556,0.03796492960422408,-12679.490000000002,-0.07696797551148425,14153.18,0.08465184597352003,3,20260625,0,0.8636363636363636,2,0.031985851023035194,5.0,16545.81,0.10064303156399035,-0.02309470168314949,5.0,True,25358.980000000003,-0.011205800000000044,1.1162262835492593,1.0998320458732773,FINITE,0.07575757575757576,14153.18,0.5581131417746297,FINITE,66,-0.78896625124578,20260319,-0.06928410504944847,-0.1539359510229685,0.08465184597352003,WHOLE_EPISODE_ATTRIBUTED_TO_EXIT_SEGMENT,0.3333333333333333,1,0
S05_CONFIRMED,base,False,252_PER_ACTUAL_ACCOUNT_TRADING_DAYS,-0.05419224345259244,0.015554597584222358,0.014807147327977138,-7161.995,-0.04368450808866506,,,2,20260928,0,0.9090909090909091,2,0.016183299426126063,3.0,8772.31,0.05359370285248085,-0.04368450808866506,3.0,True,14323.99,-0.014486320813774989,,,NO_OBSERVED_WINS,0.030303030303030304,0.0,0.0,FINITE,66,-3.5737644745462456,20260626,-0.08736901617733012,-0.08736901617733012,0.0,WHOLE_EPISODE_ATTRIBUTED_TO_EXIT_SEGMENT,0.0,0,0
S05_CONFIRMED,stress,False,252_PER_ACTUAL_ACCOUNT_TRADING_DAYS,-0.046681057737046894,0.053301988941158236,0.037986795931762664,-12998.915,-0.07882457267521088,13555.33,0.08093125697421785,3,20260625,0,0.8636363636363636,2,0.03259910943294564,5.0,16870.75,0.10251038410762298,-0.025572629458734637,5.0,True,25997.83,-0.012442500000000023,1.042804726394472,1.0267262381197721,FINITE,0.07575757575757576,13555.33,0.521402363197236,FINITE,66,-0.870035221592791,20260319,-0.07671788837620391,-0.15764914535042177,0.08093125697421785,WHOLE_EPISODE_ATTRIBUTED_TO_EXIT_SEGMENT,0.3333333333333333,1,0
S05_CONFIRMED,stress,False,252_PER_ACTUAL_ACCOUNT_TRADING_DAYS,-0.058686885371317166,0.01563087082672468,0.014787309285656608,-7759.764999999999,-0.04739181699126166,,,2,20260928,0,0.9090909090909091,2,0.016784865064662147,3.0,9355.57,0.05723648730702981,-0.04739181699126166,3.0,True,15519.529999999999,-0.015715064692435665,,,NO_OBSERVED_WINS,0.030303030303030304,0.0,0.0,FINITE,66,-3.860928257210212,20260626,-0.09478363398252332,-0.09478363398252332,0.0,WHOLE_EPISODE_ATTRIBUTED_TO_EXIT_SEGMENT,0.0,0,0
S05_STRICT,base,False,252_PER_ACTUAL_ACCOUNT_TRADING_DAYS,0.0,0.0,0.0,,,,,0,20260625,0,1.0,0,-0.0,,,,,,True,-0.0,0.0,,,NO_OBSERVED_WINS,0.0,0.0,,NO_POSITIVE_OR_NEGATIVE_EPISODES,66,,20260319,0.0,0.0,0.0,WHOLE_EPISODE_ATTRIBUTED_TO_EXIT_SEGMENT,,0,0
S05_STRICT,base,False,252_PER_ACTUAL_ACCOUNT_TRADING_DAYS,0.0,0.0,0.0,,,,,0,20260928,0,1.0,0,-0.0,,,,,,True,-0.0,0.0,,,NO_OBSERVED_WINS,0.0,0.0,,NO_POSITIVE_OR_NEGATIVE_EPISODES,66,,20260626,0.0,0.0,0.0,WHOLE_EPISODE_ATTRIBUTED_TO_EXIT_SEGMENT,,0,0
S05_STRICT,stress,False,252_PER_ACTUAL_ACCOUNT_TRADING_DAYS,0.0,0.0,0.0,,,,,0,20260625,0,1.0,0,-0.0,,,,,,True,-0.0,0.0,,,NO_OBSERVED_WINS,0.0,0.0,,NO_POSITIVE_OR_NEGATIVE_EPISODES,66,,20260319,0.0,0.0,0.0,WHOLE_EPISODE_ATTRIBUTED_TO_EXIT_SEGMENT,,0,0
S05_STRICT,stress,False,252_PER_ACTUAL_ACCOUNT_TRADING_DAYS,0.0,0.0,0.0,,,,,0,20260928,0,1.0,0,-0.0,,,,,,True,-0.0,0.0,,,NO_OBSERVED_WINS,0.0,0.0,,NO_POSITIVE_OR_NEGATIVE_EPISODES,66,,20260626,0.0,0.0,0.0,WHOLE_EPISODE_ATTRIBUTED_TO_EXIT_SEGMENT,,0,0
S06_CONFIRMED,base,False,252_PER_ACTUAL_ACCOUNT_TRADING_DAYS,0.04011413906962091,0.04622058234392983,0.034861076785441696,-6904.05,-0.041718374153525056,8054.056666666666,0.048353205581844666,5,20260625,0,0.9242424242424242,2,0.017510293459674142,5.0,8444.7,0.0507272698766806,0.012324573687696776,2.8,True,13808.1,0.010354069999999993,1.1665698635824866,1.159038590619644,FINITE,0.045454545454545456,24162.17,1.7498547953737298,FINITE,66,0.8741639695729208,20260319,0.061622868438483885,-0.08343674830705011,0.145059616745534,WHOLE_EPISODE_ATTRIBUTED_TO_EXIT_SEGMENT,0.6,3,0
S06_CONFIRMED,base,False,252_PER_ACTUAL_ACCOUNT_TRADING_DAYS,0.020672596739666593,0.02812392180958346,0.03770067622528865,-5070.8,-0.030066977371803895,7785.334999999999,0.04646563183200918,4,20260928,0,0.8939393939393939,2,0.012652984287475855,5.0,7158.58,0.04258116860907432,0.008199327230102641,3.75,True,10141.6,0.005373433097567437,1.5353267728957953,1.54540415743897,FINITE,0.06060606060606061,15570.669999999998,1.5353267728957953,FINITE,66,0.7416247248544177,20260626,0.032797308920410564,-0.06013395474360779,0.09293126366401835,WHOLE_EPISODE_ATTRIBUTED_TO_EXIT_SEGMENT,0.5,2,0
S06_CONFIRMED,stress,False,252_PER_ACTUAL_ACCOUNT_TRADING_DAYS,0.03286724471498337,0.04607333799744555,0.03478896173830078,-4910.61,-0.029647369132357868,11618.725,0.07061939397048417,5,20260625,0,0.9242424242424242,3,0.017999702149212204,5.0,8767.63,0.05261304586163349,0.010459336108778949,2.8,True,14731.829999999998,0.008505619999999992,2.366045155286207,2.381978436441041,FINITE,0.045454545454545456,23237.45,1.5773634368574714,FINITE,66,0.7250492833016026,20260319,0.05229668054389475,-0.0889421073970736,0.14123878794096834,WHOLE_EPISODE_ATTRIBUTED_TO_EXIT_SEGMENT,0.4,2,0
S06_CONFIRMED,stress,False,252_PER_ACTUAL_ACCOUNT_TRADING_DAYS,0.015455805085003105,0.027469274735299774,0.03756666671085671,-5375.78,-0.03218507688354871,7405.43,0.04424752144621654,4,20260928,0,0.8939393939393939,2,0.012927290166895866,5.0,7424.63,0.044813519690412175,0.006031222281333914,3.75,True,10751.56,0.004025064332313866,1.3775545130195062,1.3747837734336283,FINITE,0.06060606060606061,14810.86,1.3775545130195062,FINITE,66,0.572086097871984,20260626,0.024124889125335655,-0.06437015376709743,0.08849504289243308,WHOLE_EPISODE_ATTRIBUTED_TO_EXIT_SEGMENT,0.5,2,0
S06_STRICT,base,False,252_PER_ACTUAL_ACCOUNT_TRADING_DAYS,-0.018433991240612846,0.02013516080859344,0.01964501714052974,-6321.6,-0.04008652439383209,1460.45,0.008828618349187104,2,20260625,0,0.9242424242424242,1,0.011645497989772102,5.0,6321.6,0.04008652439383209,-0.015628953022322492,4.0,True,6321.6,-0.004861149999999981,0.2310253733232093,0.2202390574560642,FINITE,0.045454545454545456,1460.45,0.2310253733232093,FINITE,66,-0.9139280395920738,20260319,-0.031257906044644984,-0.04008652439383209,0.008828618349187104,WHOLE_EPISODE_ATTRIBUTED_TO_EXIT_SEGMENT,0.5,1,0
S06_STRICT,base,False,252_PER_ACTUAL_ACCOUNT_TRADING_DAYS,0.029805016663807526,0.011071427156151233,0.005148360677488525,,,7684.13,0.04638288995284164,1,20260928,0,0.9696969696969697,0,-0.0,2.0,0.0,0.0,0.04638288995284164,2.0,True,-0.0,0.007721666177538999,,,NO_OBSERVED_LOSSES,0.045454545454545456,7684.13,,NO_OBSERVED_LOSSES,66,2.658398927705246,20260626,0.04638288995284164,0.0,0.04638288995284164,WHOLE_EPISODE_ATTRIBUTED_TO_EXIT_SEGMENT,1.0,1,0
S06_STRICT,stress,False,252_PER_ACTUAL_ACCOUNT_TRADING_DAYS,-0.02093925139410102,0.01988817395659149,0.019652359225711534,-6621.52,-0.04194846565944195,1094.53,0.0066092679504941056,2,20260625,0,0.9242424242424242,1,0.011649370032192685,5.0,6621.52,0.04194846565944195,-0.017669598854473924,4.0,True,6621.52,-0.005526990000000009,0.16529890417910087,0.15755684615860227,FINITE,0.045454545454545456,1094.53,0.16529890417910087,FINITE,66,-1.0540124588720459,20260319,-0.03533919770894785,-0.04194846565944195,0.0066092679504941056,WHOLE_EPISODE_ATTRIBUTED_TO_EXIT_SEGMENT,0.5,1,0
S06_STRICT,stress,False,252_PER_ACTUAL_ACCOUNT_TRADING_DAYS,0.027792091501886773,0.010722437503647809,0.005036048989870667,,,7165.58,0.04421171706322467,1,20260928,0,0.9696969696969697,0,-0.0,2.0,0.0,0.0,0.04421171706322467,2.0,True,-0.0,0.007205404196942489,,,NO_OBSERVED_LOSSES,0.045454545454545456,7165.58,,NO_OBSERVED_LOSSES,66,2.562074335143192,20260626,0.04421171706322467,0.0,0.04421171706322467,WHOLE_EPISODE_ATTRIBUTED_TO_EXIT_SEGMENT,1.0,1,0
S07_CONFIRMED,base,False,252_PER_ACTUAL_ACCOUNT_TRADING_DAYS,0.0,0.0,0.0,,,,,0,20260625,0,1.0,0,-0.0,,,,,,True,-0.0,0.0,,,NO_OBSERVED_WINS,0.0,0.0,,NO_POSITIVE_OR_NEGATIVE_EPISODES,66,,20260319,0.0,0.0,0.0,WHOLE_EPISODE_ATTRIBUTED_TO_EXIT_SEGMENT,,0,0
S07_CONFIRMED,base,False,252_PER_ACTUAL_ACCOUNT_TRADING_DAYS,-0.0002771716436876792,0.07728181360305457,0.09518698011584863,-5686.846666666667,-0.03454887953345578,11349.493333333332,0.041066047385381055,9,20260928,0,0.7272727272727273,6,0.03373356999999999,5.0,12397.87,0.07472133495482379,-0.009343903893843495,3.4444444444444446,True,34121.08,-7.259999999997824e-05,1.9957445661157263,1.1886361566549302,FINITE,0.13636363636363635,34048.479999999996,0.9978722830578631,FINITE,66,0.03514579986352802,20260626,-0.08409513504459146,-0.20729327720073465,0.12319814215614316,WHOLE_EPISODE_ATTRIBUTED_TO_EXIT_SEGMENT,0.3333333333333333,3,0
S07_CONFIRMED,stress,False,252_PER_ACTUAL_ACCOUNT_TRADING_DAYS,0.0,0.0,0.0,,,,,0,20260625,0,1.0,0,-0.0,,,,,,True,-0.0,0.0,,,NO_OBSERVED_WINS,0.0,0.0,,NO_POSITIVE_OR_NEGATIVE_EPISODES,66,,20260319,0.0,0.0,0.0,WHOLE_EPISODE_ATTRIBUTED_TO_EXIT_SEGMENT,,0,0
S07_CONFIRMED,stress,False,252_PER_ACTUAL_ACCOUNT_TRADING_DAYS,-0.01635083538806259,0.07699998388872295,0.09513509712932153,-6074.658333333333,-0.03689257787095874,10713.166666666666,0.03880360170994644,9,20260928,0,0.7272727272727273,6,0.03578530999999996,5.0,12785.78,0.07696922646823764,-0.01166051801065701,3.4444444444444446,True,36447.95,-0.004308450000000019,1.7635834114127131,1.0517996830059422,FINITE,0.13636363636363635,32139.5,0.8817917057063567,FINITE,66,-0.17549460076935158,20260626,-0.10494466209591309,-0.22135546722575242,0.11641080512983933,WHOLE_EPISODE_ATTRIBUTED_TO_EXIT_SEGMENT,0.3333333333333333,3,0
S07_STRICT,base,False,252_PER_ACTUAL_ACCOUNT_TRADING_DAYS,0.0,0.0,0.0,,,,,0,20260625,0,1.0,0,-0.0,,,,,,True,-0.0,0.0,,,NO_OBSERVED_WINS,0.0,0.0,,NO_POSITIVE_OR_NEGATIVE_EPISODES,66,,20260319,0.0,0.0,0.0,WHOLE_EPISODE_ATTRIBUTED_TO_EXIT_SEGMENT,,0,0
S07_STRICT,base,False,252_PER_ACTUAL_ACCOUNT_TRADING_DAYS,0.0,0.0,0.0,,,,,0,20260928,0,1.0,0,-0.0,,,,,,True,-0.0,0.0,,,NO_OBSERVED_WINS,0.0,0.0,,NO_POSITIVE_OR_NEGATIVE_EPISODES,66,,20260626,0.0,0.0,0.0,WHOLE_EPISODE_ATTRIBUTED_TO_EXIT_SEGMENT,,0,0
S07_STRICT,stress,False,252_PER_ACTUAL_ACCOUNT_TRADING_DAYS,0.0,0.0,0.0,,,,,0,20260625,0,1.0,0,-0.0,,,,,,True,-0.0,0.0,,,NO_OBSERVED_WINS,0.0,0.0,,NO_POSITIVE_OR_NEGATIVE_EPISODES,66,,20260319,0.0,0.0,0.0,WHOLE_EPISODE_ATTRIBUTED_TO_EXIT_SEGMENT,,0,0
S07_STRICT,stress,False,252_PER_ACTUAL_ACCOUNT_TRADING_DAYS,0.0,0.0,0.0,,,,,0,20260928,0,1.0,0,-0.0,,,,,,True,-0.0,0.0,,,NO_OBSERVED_WINS,0.0,0.0,,NO_POSITIVE_OR_NEGATIVE_EPISODES,66,,20260626,0.0,0.0,0.0,WHOLE_EPISODE_ATTRIBUTED_TO_EXIT_SEGMENT,,0,0
S08_CONFIRMED,base,False,252_PER_ACTUAL_ACCOUNT_TRADING_DAYS,-0.07476728591850512,0.0686795697108374,0.09063177010219736,-8646.7025,-0.037986761752014764,12256.68,0.07355666301480221,12,20260625,0,0.7424242424242424,8,0.04209335544734916,5.0,13268.69,0.0752480971587681,-0.0008056201630757716,2.6666666666666665,True,69173.62,-0.020146899999999968,1.4174975951815159,1.936376243255346,FINITE,0.12121212121212122,49026.72,0.7087487975907579,FINITE,66,-1.097082376040876,20260319,-0.009667441956909259,-0.3038940940161181,0.29422665205920884,WHOLE_EPISODE_ATTRIBUTED_TO_EXIT_SEGMENT,0.3333333333333333,4,0
S08_CONFIRMED,base,False,252_PER_ACTUAL_ACCOUNT_TRADING_DAYS,-0.16038402633147109,0.03504520171012739,0.12331010011954538,-5935.124444444444,-0.036494573047270135,4783.12,0.02997608631028175,11,20260928,0,0.7121212121212122,9,0.044751483666276126,5.0,9998.04,0.06433407357760365,-0.024408998618624334,4.0,True,53416.119999999995,-0.044751483666276126,0.8059005408854107,0.821384765111645,FINITE,0.07575757575757576,9566.24,0.17908900908564682,FINITE,66,-4.9688505772987215,20260626,-0.26849898480486767,-0.3284511574254312,0.0599521726205635,WHOLE_EPISODE_ATTRIBUTED_TO_EXIT_SEGMENT,0.18181818181818182,2,0
S08_CONFIRMED,stress,False,252_PER_ACTUAL_ACCOUNT_TRADING_DAYS,-0.09175422912354825,0.06964212551233341,0.09065613122636877,-9067.22625,-0.039990313384711325,11911.76,0.07141147723541823,12,20260625,0,0.7424242424242424,8,0.0464866553643174,5.0,13746.57,0.07703083835987393,-0.002856383178001474,2.6666666666666665,True,72537.81,-0.02489076999999995,1.3137159779155174,1.7857193702992964,FINITE,0.10606060606060606,47647.04,0.6568579889577587,FINITE,66,-1.346929296641364,20260319,-0.03427659813601769,-0.3199225070776906,0.2856459089416729,WHOLE_EPISODE_ATTRIBUTED_TO_EXIT_SEGMENT,0.3333333333333333,4,0
S08_CONFIRMED,stress,False,252_PER_ACTUAL_ACCOUNT_TRADING_DAYS,-0.17607956133660563,0.036275732160826246,0.12310373119437823,-6338.49,-0.038879067583687234,4408.280000000001,0.027806301180166942,11,20260928,0,0.7121212121212122,9,0.04946097166980978,5.0,10293.97,0.06617354142167846,-0.0267544550811683,4.0,True,57046.409999999996,-0.04946097166980978,0.6954779450626255,0.7151997953735348,FINITE,0.06060606060606061,8816.560000000001,0.15455065445836122,FINITE,66,-5.318903187850691,20260626,-0.2942990058928513,-0.3499116082531851,0.055612602360333885,WHOLE_EPISODE_ATTRIBUTED_TO_EXIT_SEGMENT,0.18181818181818182,2,0
S08_STRICT,base,False,252_PER_ACTUAL_ACCOUNT_TRADING_DAYS,0.0,0.0,0.0,,,,,0,20260625,0,1.0,0,-0.0,,,,,,True,-0.0,0.0,,,NO_OBSERVED_WINS,0.0,0.0,,NO_POSITIVE_OR_NEGATIVE_EPISODES,66,,20260319,0.0,0.0,0.0,WHOLE_EPISODE_ATTRIBUTED_TO_EXIT_SEGMENT,,0,0
S08_STRICT,base,False,252_PER_ACTUAL_ACCOUNT_TRADING_DAYS,0.0,0.0,0.0,,,,,0,20260928,0,1.0,0,-0.0,,,,,,True,-0.0,0.0,,,NO_OBSERVED_WINS,0.0,0.0,,NO_POSITIVE_OR_NEGATIVE_EPISODES,66,,20260626,0.0,0.0,0.0,WHOLE_EPISODE_ATTRIBUTED_TO_EXIT_SEGMENT,,0,0
S08_STRICT,stress,False,252_PER_ACTUAL_ACCOUNT_TRADING_DAYS,0.0,0.0,0.0,,,,,0,20260625,0,1.0,0,-0.0,,,,,,True,-0.0,0.0,,,NO_OBSERVED_WINS,0.0,0.0,,NO_POSITIVE_OR_NEGATIVE_EPISODES,66,,20260319,0.0,0.0,0.0,WHOLE_EPISODE_ATTRIBUTED_TO_EXIT_SEGMENT,,0,0
S08_STRICT,stress,False,252_PER_ACTUAL_ACCOUNT_TRADING_DAYS,0.0,0.0,0.0,,,,,0,20260928,0,1.0,0,-0.0,,,,,,True,-0.0,0.0,,,NO_OBSERVED_WINS,0.0,0.0,,NO_POSITIVE_OR_NEGATIVE_EPISODES,66,,20260626,0.0,0.0,0.0,WHOLE_EPISODE_ATTRIBUTED_TO_EXIT_SEGMENT,,0,0
