policy_id,cost,phase,qualified,net_return,median_return,worst_return,max_drawdown,win_rate,closed_episodes,wilson_lower,wilson_upper,profit_factor,profit_factor_status,payoff_ratio_return,mean_episode_net_return,nonnegative_windows,positive_windows,rejections
BASE_DEF,base,selection,False,0.026717601666666646,0.0071958650000000235,-0.014512280000000044,0.04292896938747226,0.5138888888888888,144,0.4329610934243751,0.5940949166549849,1.430261159652546,FINITE,1.5531238588039957,0.009208183469810205,4,4,WIN_RATE_BELOW_65_PERCENT|WILSON_LOWER_BELOW_GATE
BASE_DEF,stress,selection,False,0.013680628333333333,-0.007034614999999966,-0.023362760000000038,0.04780863197450114,0.4897959183673469,147,0.4102802763195571,0.5698312923204273,1.1900708342568604,FINITE,1.519154154518677,0.007388507052884327,2,2,WIN_RATE_BELOW_65_PERCENT|WILSON_LOWER_BELOW_GATE|PROFIT_FACTOR_BELOW_1_30|FEWER_THAN_4_NONNEGATIVE_WINDOWS
BASE_ENV,base,selection,False,0.05200606499999999,0.026982830000000013,-0.02029274999999997,0.07986754343882063,0.4691358024691358,162,0.3938947766491506,0.5458066703164607,1.461751884186718,FINITE,1.6165105124793613,0.008570226728129678,5,5,WIN_RATE_BELOW_65_PERCENT|WILSON_LOWER_BELOW_GATE
BASE_ENV,stress,selection,False,0.022808193333333355,0.0021952299999999925,-0.028128849999999983,0.08601532999999995,0.4472049689440994,161,0.3725238517173205,0.5243467527918781,1.1942376840878193,FINITE,1.501979154474065,0.00458816072408709,4,4,WIN_RATE_BELOW_65_PERCENT|WILSON_LOWER_BELOW_GATE|PROFIT_FACTOR_BELOW_1_30
S01_CONFIRMED,base,selection,False,0.025764901666666656,0.018167450000000085,-0.03137361999999999,0.0811586620508643,0.5037593984962406,133,0.41988216585971766,0.5874255609696954,1.3104366783771162,FINITE,1.458272583322268,0.008077014852785856,5,5,WIN_RATE_BELOW_65_PERCENT|WILSON_LOWER_BELOW_GATE
S01_CONFIRMED,stress,selection,False,0.015326806666666673,0.008147084999999943,-0.04302402999999999,0.08965017269541553,0.49624060150375937,133,0.4125744390303046,0.5801178341402824,1.1743016808908442,FINITE,1.3440425710016497,0.0058128917457412645,4,4,WIN_RATE_BELOW_65_PERCENT|WILSON_LOWER_BELOW_GATE|PROFIT_FACTOR_BELOW_1_30
S01_STRICT,base,selection,False,0.001321881666666654,0.006437250000000061,-0.04228984000000002,0.04228984000000002,0.5263157894736842,19,0.3170780924511316,0.7267019483882042,1.111576209912602,FINITE,1.5400520402670779,0.00948580260828072,4,4,WIN_RATE_BELOW_65_PERCENT|INSUFFICIENT_TRADES|WILSON_LOWER_BELOW_GATE|PROFIT_FACTOR_BELOW_1_30
S01_STRICT,stress,selection,False,-2.11749999999844e-05,0.005877385000000013,-0.04596314000000001,0.04596314000000001,0.5263157894736842,19,0.3170780924511316,0.7267019483882042,0.9983099969698331,FINITE,1.3628759335854144,0.0073512532284301275,4,4,WIN_RATE_BELOW_65_PERCENT|INSUFFICIENT_TRADES|WILSON_LOWER_BELOW_GATE|PROFIT_FACTOR_BELOW_1_30|NONPOSITIVE_MEAN_WINDOW_RETURN
S02_CONFIRMED,base,selection,False,-0.0030524499999999657,-0.008352439999999961,-0.08821168999999995,0.09406766774526865,0.4074074074074074,162,0.33473993181886974,0.4843644090779644,0.9744700105529868,FINITE,1.3671451315353127,-0.0012898232797512238,3,3,WIN_RATE_BELOW_65_PERCENT|WILSON_LOWER_BELOW_GATE|PROFIT_FACTOR_BELOW_1_30|NONPOSITIVE_EPISODE_EXPECTANCY|NONPOSITIVE_MEAN_WINDOW_RETURN|WORST_WINDOW_BELOW_MINUS_5_PERCENT|FEWER_THAN_4_NONNEGATIVE_WINDOWS
S02_CONFIRMED,stress,selection,False,-0.004998471666666671,-0.019518329999999973,-0.09408174999999996,0.09891690806608566,0.40606060606060607,165,0.3340914995163522,0.4823043062500425,0.9587504400266841,FINITE,1.3284038440567012,-0.0020203410581277137,3,3,WIN_RATE_BELOW_65_PERCENT|WILSON_LOWER_BELOW_GATE|PROFIT_FACTOR_BELOW_1_30|NONPOSITIVE_EPISODE_EXPECTANCY|NONPOSITIVE_MEAN_WINDOW_RETURN|WORST_WINDOW_BELOW_MINUS_5_PERCENT|FEWER_THAN_4_NONNEGATIVE_WINDOWS
S02_STRICT,base,selection,False,-0.0007229599999999947,0.0,-0.010780119999999949,0.013991431586295233,0.45454545454545453,11,0.21271271622459764,0.719908462590678,0.8335970047338096,FINITE,1.180102712241464,-0.00018709874617381603,4,2,WIN_RATE_BELOW_65_PERCENT|INSUFFICIENT_TRADES|WILSON_LOWER_BELOW_GATE|PROFIT_FACTOR_BELOW_1_30|NONPOSITIVE_EPISODE_EXPECTANCY|NONPOSITIVE_MEAN_WINDOW_RETURN
S02_STRICT,stress,selection,False,-0.0013278399999999875,-0.00037533499999997666,-0.011451949999999989,0.014330872673712025,0.45454545454545453,11,0.21271271622459764,0.719908462590678,0.748555312819354,FINITE,1.051753571744154,-0.0017502994024817392,3,1,WIN_RATE_BELOW_65_PERCENT|INSUFFICIENT_TRADES|WILSON_LOWER_BELOW_GATE|PROFIT_FACTOR_BELOW_1_30|NONPOSITIVE_EPISODE_EXPECTANCY|NONPOSITIVE_MEAN_WINDOW_RETURN|FEWER_THAN_4_NONNEGATIVE_WINDOWS|FEWER_THAN_2_POSITIVE_WINDOWS
S03_CONFIRMED,base,selection,False,-0.002410031666666664,0.0001173399999999658,-0.03135969000000005,0.03213406985205203,0.4857142857142857,35,0.32994236002509725,0.6443119540413141,0.8429063080979647,FINITE,1.0219474766359389,-0.0004859341012369216,4,3,WIN_RATE_BELOW_65_PERCENT|INSUFFICIENT_TRADES|WILSON_LOWER_BELOW_GATE|PROFIT_FACTOR_BELOW_1_30|NONPOSITIVE_EPISODE_EXPECTANCY|NONPOSITIVE_MEAN_WINDOW_RETURN
S03_CONFIRMED,stress,selection,False,-0.004891074999999985,-0.0003925249999999769,-0.03637822000000002,0.03637822000000002,0.45714285714285713,35,0.3046601928840721,0.6181027493151624,0.7021448167436177,FINITE,0.9531251150821582,-0.002973717695183419,3,2,WIN_RATE_BELOW_65_PERCENT|INSUFFICIENT_TRADES|WILSON_LOWER_BELOW_GATE|PROFIT_FACTOR_BELOW_1_30|NONPOSITIVE_EPISODE_EXPECTANCY|NONPOSITIVE_MEAN_WINDOW_RETURN|FEWER_THAN_4_NONNEGATIVE_WINDOWS
S03_STRICT,base,selection,False,-0.0008511299999999963,0.0,-0.0051067799999999774,0.005764419999999992,0.0,1,0.0,0.7934506856227626,0.0,FINITE,,-0.030777562594085945,5,0,WIN_RATE_BELOW_65_PERCENT|INSUFFICIENT_TRADES|WILSON_LOWER_BELOW_GATE|PROFIT_FACTOR_BELOW_1_30|PAYOFF_RATIO_BELOW_0_80|NONPOSITIVE_EPISODE_EXPECTANCY|NONPOSITIVE_MEAN_WINDOW_RETURN|FEWER_THAN_2_POSITIVE_WINDOWS
S03_STRICT,stress,selection,False,-0.0009167833333333375,0.0,-0.005500700000000025,0.0059614799999999635,0.0,1,0.0,0.7934506856227626,0.0,FINITE,,-0.03311231568418675,5,0,WIN_RATE_BELOW_65_PERCENT|INSUFFICIENT_TRADES|WILSON_LOWER_BELOW_GATE|PROFIT_FACTOR_BELOW_1_30|PAYOFF_RATIO_BELOW_0_80|NONPOSITIVE_EPISODE_EXPECTANCY|NONPOSITIVE_MEAN_WINDOW_RETURN|FEWER_THAN_2_POSITIVE_WINDOWS
S04_CONFIRMED,base,selection,False,0.05676663000000002,0.033479225,-0.007524069999999994,0.05894995999999997,0.5511811023622047,127,0.4644419396517996,0.6349149470504136,1.8681751410658067,FINITE,1.5806676231181294,0.013410171700105913,5,5,WIN_RATE_BELOW_65_PERCENT|WILSON_LOWER_BELOW_GATE
S04_CONFIRMED,stress,selection,False,0.042391291666666664,0.012232465000000026,-0.011696189999999995,0.06239952000000004,0.5234375,128,0.43749793124049374,0.6080112739341855,1.575099358987476,FINITE,1.5330744352925687,0.01080630674894994,3,3,WIN_RATE_BELOW_65_PERCENT|WILSON_LOWER_BELOW_GATE|FEWER_THAN_4_NONNEGATIVE_WINDOWS
S04_STRICT,base,selection,False,0.00498757666666666,-0.0008495900000000112,-0.005286380000000035,0.033300050000000025,0.45454545454545453,11,0.21271271622459764,0.719908462590678,1.578687643618203,FINITE,1.5259121042085613,0.0058614919206577245,3,1,WIN_RATE_BELOW_65_PERCENT|INSUFFICIENT_TRADES|WILSON_LOWER_BELOW_GATE|FEWER_THAN_4_NONNEGATIVE_WINDOWS|FEWER_THAN_2_POSITIVE_WINDOWS
S04_STRICT,stress,selection,False,0.005056981666666664,-0.0010515400000000175,-0.0067620299999999745,0.034128469999999966,0.45454545454545453,11,0.21271271622459764,0.719908462590678,1.5612834721193236,FINITE,1.529944219165243,0.00624120521462474,3,1,WIN_RATE_BELOW_65_PERCENT|INSUFFICIENT_TRADES|WILSON_LOWER_BELOW_GATE|FEWER_THAN_4_NONNEGATIVE_WINDOWS|FEWER_THAN_2_POSITIVE_WINDOWS
S05_CONFIRMED,base,selection,False,-0.01657289333333332,-0.015024599999999999,-0.04630458999999998,0.047012420000000055,0.40540540540540543,37,0.26346518192014284,0.5651403526977063,0.4526316160313616,FINITE,0.9586730957946348,-0.0067527766405935585,1,1,WIN_RATE_BELOW_65_PERCENT|INSUFFICIENT_TRADES|WILSON_LOWER_BELOW_GATE|PROFIT_FACTOR_BELOW_1_30|NONPOSITIVE_EPISODE_EXPECTANCY|NONPOSITIVE_MEAN_WINDOW_RETURN|FEWER_THAN_4_NONNEGATIVE_WINDOWS|FEWER_THAN_2_POSITIVE_WINDOWS
S05_CONFIRMED,stress,selection,False,-0.019466093333333323,-0.017802839999999986,-0.05302722000000004,0.05358317999999995,0.40540540540540543,37,0.26346518192014284,0.5651403526977063,0.3931192557344515,FINITE,0.8307385149891429,-0.008991104394563253,1,1,WIN_RATE_BELOW_65_PERCENT|INSUFFICIENT_TRADES|WILSON_LOWER_BELOW_GATE|PROFIT_FACTOR_BELOW_1_30|NONPOSITIVE_EPISODE_EXPECTANCY|NONPOSITIVE_MEAN_WINDOW_RETURN|WORST_WINDOW_BELOW_MINUS_5_PERCENT|FEWER_THAN_4_NONNEGATIVE_WINDOWS|FEWER_THAN_2_POSITIVE_WINDOWS
S05_STRICT,base,selection,False,0.0,0.0,0.0,-0.0,,0,,,,UNDEFINED,,,6,0,WIN_RATE_BELOW_65_PERCENT|INSUFFICIENT_TRADES|WILSON_LOWER_BELOW_GATE|PROFIT_FACTOR_UNDEFINED|PAYOFF_RATIO_UNDEFINED|NONPOSITIVE_EPISODE_EXPECTANCY|NONPOSITIVE_MEAN_WINDOW_RETURN|FEWER_THAN_2_POSITIVE_WINDOWS
S05_STRICT,stress,selection,False,0.0,0.0,0.0,-0.0,,0,,,,UNDEFINED,,,6,0,WIN_RATE_BELOW_65_PERCENT|INSUFFICIENT_TRADES|WILSON_LOWER_BELOW_GATE|PROFIT_FACTOR_UNDEFINED|PAYOFF_RATIO_UNDEFINED|NONPOSITIVE_EPISODE_EXPECTANCY|NONPOSITIVE_MEAN_WINDOW_RETURN|FEWER_THAN_2_POSITIVE_WINDOWS
S06_CONFIRMED,base,selection,False,0.010045706666666635,0.0035404999999999465,-0.005097640000000014,0.03863327999999999,0.5277777777777778,36,0.37005938022987594,0.6801395848482095,1.461636507693975,FINITE,1.3082267161346377,0.010155820943640412,5,4,WIN_RATE_BELOW_65_PERCENT|INSUFFICIENT_TRADES|WILSON_LOWER_BELOW_GATE
S06_CONFIRMED,stress,selection,False,0.007618479999999965,0.002880679999999969,-0.007206020000000035,0.04081206999999998,0.5277777777777778,36,0.37005938022987594,0.6801395848482095,1.3306973071730344,FINITE,1.1910244076293988,0.007704470790388388,4,3,WIN_RATE_BELOW_65_PERCENT|INSUFFICIENT_TRADES|WILSON_LOWER_BELOW_GATE
S06_STRICT,base,selection,False,0.007184326666666648,0.0,-0.014516430000000025,0.02044155374296619,0.6666666666666666,9,0.3542021355803963,0.879416181613089,2.528319460404094,FINITE,1.2600575173593385,0.028760879370054743,5,2,INSUFFICIENT_TRADES|WILSON_LOWER_BELOW_GATE
S06_STRICT,stress,selection,False,0.00853933166666665,0.0,-0.003782720000000017,0.009461152335838885,0.6666666666666666,9,0.3542021355803963,0.879416181613089,3.922913809509684,FINITE,1.9494900528491905,0.03417288908018319,5,2,INSUFFICIENT_TRADES|WILSON_LOWER_BELOW_GATE
S07_CONFIRMED,base,selection,False,0.00489103333333335,0.0021281600000000456,-0.030631870000000005,0.032633717079122104,0.4117647058823529,17,0.2161105679021481,0.6399455735700021,1.3886453709984539,FINITE,1.8911363898675675,0.006197322524056132,5,3,WIN_RATE_BELOW_65_PERCENT|INSUFFICIENT_TRADES|WILSON_LOWER_BELOW_GATE
S07_CONFIRMED,stress,selection,False,0.00362086500000001,0.002011195000000021,-0.03445518999999997,0.035514825987621346,0.4117647058823529,17,0.2161105679021481,0.6399455735700021,1.272296057989717,FINITE,1.7262201211993835,0.004221449742402966,5,3,WIN_RATE_BELOW_65_PERCENT|INSUFFICIENT_TRADES|WILSON_LOWER_BELOW_GATE|PROFIT_FACTOR_BELOW_1_30
S07_STRICT,base,selection,False,-0.0036256933333333277,0.0,-0.021754159999999967,0.027071254896727348,0.2,5,0.03622410863243014,0.6244653702374747,0.0683666687222919,FINITE,0.2041585125649407,-0.01796249123792347,5,0,WIN_RATE_BELOW_65_PERCENT|INSUFFICIENT_TRADES|WILSON_LOWER_BELOW_GATE|PROFIT_FACTOR_BELOW_1_30|PAYOFF_RATIO_BELOW_0_80|NONPOSITIVE_EPISODE_EXPECTANCY|NONPOSITIVE_MEAN_WINDOW_RETURN|FEWER_THAN_2_POSITIVE_WINDOWS
S07_STRICT,stress,selection,False,-0.004021680000000009,0.0,-0.024130080000000054,0.02878176065196969,0.2,5,0.03622410863243014,0.6244653702374747,0.0435991310375825,FINITE,0.13074019483536634,-0.019767212835209855,5,0,WIN_RATE_BELOW_65_PERCENT|INSUFFICIENT_TRADES|WILSON_LOWER_BELOW_GATE|PROFIT_FACTOR_BELOW_1_30|PAYOFF_RATIO_BELOW_0_80|NONPOSITIVE_EPISODE_EXPECTANCY|NONPOSITIVE_MEAN_WINDOW_RETURN|FEWER_THAN_2_POSITIVE_WINDOWS
S08_CONFIRMED,base,selection,False,0.011753838333333341,0.014806969999999975,-0.08344465999999995,0.0946583156592593,0.42990654205607476,107,0.3401406874570182,0.524530887966171,1.1621039089222966,FINITE,1.7228424413040546,0.005495820745535889,4,4,WIN_RATE_BELOW_65_PERCENT|WILSON_LOWER_BELOW_GATE|PROFIT_FACTOR_BELOW_1_30|WORST_WINDOW_BELOW_MINUS_5_PERCENT
S08_CONFIRMED,stress,selection,False,0.0003237450000000049,-0.006392120000000001,-0.08911528000000002,0.09993272059616931,0.41904761904761906,105,0.3291664697059705,0.5146430475111234,1.0043200637310983,FINITE,1.5853173551589765,0.002809281924485326,2,2,WIN_RATE_BELOW_65_PERCENT|WILSON_LOWER_BELOW_GATE|PROFIT_FACTOR_BELOW_1_30|WORST_WINDOW_BELOW_MINUS_5_PERCENT|FEWER_THAN_4_NONNEGATIVE_WINDOWS
S08_STRICT,base,selection,False,0.0004426166666666731,0.0,0.0,0.0022259300000000426,1.0,1,0.20654931437723745,1.0,,NO_OBSERVED_LOSSES,,0.01616019089678076,6,1,INSUFFICIENT_TRADES|WILSON_LOWER_BELOW_GATE|FEWER_THAN_2_POSITIVE_WINDOWS
S08_STRICT,stress,selection,False,0.0003846299999999969,0.0,0.0,0.0023999799999999682,1.0,1,0.20654931437723745,1.0,,NO_OBSERVED_LOSSES,,0.014028206677795474,6,1,INSUFFICIENT_TRADES|WILSON_LOWER_BELOW_GATE|FEWER_THAN_2_POSITIVE_WINDOWS
